阶段,新增序号,主题,汉字,词中读音,常用词,整词拼音,短例句,笔画数
"启蒙园","1","生活与科学","一","yī","一个","yī gè","盘子里还剩一个苹果。","1"
"启蒙园","2","生活与科学","二","èr","二十","èr shí","这盒蜡笔一共有二十支。","2"
"启蒙园","3","生活与科学","三","sān","三个","sān gè","三个小朋友一起搭积木。","3"
"启蒙园","4","生活与科学","四","sì","四个","sì gè","桌边坐着四个小朋友。","5"
"启蒙园","5","生活与科学","五","wǔ","五个","wǔ gè","我给五个娃娃排好队。","4"
"启蒙园","6","生活与科学","六","liù","六个","liù gè","六个鸡蛋装满了小盒子。","4"
"启蒙园","7","生活与科学","七","qī","七个","qī gè","姐姐串了七个彩色珠子。","2"
"启蒙园","8","生活与科学","八","bā","八个","bā gè","八个饺子刚好摆成一圈。","2"
"启蒙园","9","生活与科学","九","jiǔ","九个","jiǔ gè","篮子里装着九个橘子。","2"
"启蒙园","10","生活与科学","十","shí","十个","shí gè","数到十个，我们就停下来。","2"
"启蒙园","11","生活与科学","百","bǎi","一百","yī bǎi","奶奶的拼图有一百片。","6"
"启蒙园","12","生活与科学","千","qiān","一千","yī qiān","这本大书有一千页。","3"
"启蒙园","13","家人和朋友","爸","bà","爸爸","bà ba","爸爸扶着我学骑车。","8"
"启蒙园","14","家人和朋友","妈","mā","妈妈","mā ma","妈妈的怀抱暖暖的。","6"
"启蒙园","15","家人和朋友","哥","gē","哥哥","gē ge","哥哥把积木分给我一半。","10"
"启蒙园","16","家人和朋友","姐","jiě","姐姐","jiě jie","姐姐扎了两个小辫子。","8"
"启蒙园","17","家人和朋友","弟","dì","弟弟","dì di","弟弟踮起脚拿玩具。","7"
"启蒙园","18","家人和朋友","妹","mèi","妹妹","mèi mei","妹妹抱着布娃娃睡着了。","8"
"启蒙园","19","家人和朋友","爷","yé","爷爷","yé ye","爷爷教我给小花浇水。","6"
"启蒙园","20","家人和朋友","奶","nǎi","奶奶","nǎi nai","奶奶煮的面条真香。","5"
"启蒙园","21","家人和朋友","人","rén","大人","dà rén","过马路时，我牵着大人的手。","2"
"启蒙园","22","家人和朋友","男","nán","男孩","nán hái","那个男孩正在堆沙堡。","7"
"启蒙园","23","家人和朋友","女","nǚ","女孩","nǚ hái","穿黄衣服的女孩是我的朋友。","3"
"启蒙园","24","故事里的世界","王","wáng","国王","guó wáng","故事里的国王戴着金色王冠。","4"
"启蒙园","25","家人和朋友","我","wǒ","我们","wǒ men","我们一起把玩具收好。","7"
"启蒙园","26","家人和朋友","你","nǐ","你好","nǐ hǎo","见到新朋友，我笑着说你好。","7"
"启蒙园","27","家人和朋友","他","tā","他们","tā men","他们在树下等我。","5"
"启蒙园","28","家人和朋友","友","yǒu","朋友","péng yǒu","我和朋友轮流玩滑梯。","4"
"启蒙园","29","自然四季","天","tiān","天空","tiān kōng","雨后的天空挂着一道彩虹。","4"
"启蒙园","30","自然四季","地","dì","大地","dà dì","春雨过后，大地长出了新草。","6"
"启蒙园","31","自然四季","日","rì","日出","rì chū","我们在海边等日出。","4"
"启蒙园","32","自然四季","月","yuè","月亮","yuè liàng","今晚的月亮像一只小船。","4"
"启蒙园","33","自然四季","星","xīng","星星","xīng xīng","我指着星星问它有多远。","9"
"启蒙园","34","自然四季","云","yún","白云","bái yún","白云慢慢飘过山顶。","4"
"启蒙园","35","自然四季","雨","yǔ","下雨","xià yǔ","下雨了，快撑开小伞。","8"
"启蒙园","36","自然四季","雪","xuě","下雪","xià xuě","下雪的时候，我们去堆雪人。","11"
"启蒙园","37","自然四季","风","fēng","大风","dà fēng","大风吹得树枝摇来摇去。","4"
"启蒙园","38","自然四季","电","diàn","闪电","shǎn diàn","闪电亮了一下，雷声就响了。","5"
"启蒙园","39","每天做的事","水","shuǐ","喝水","hē shuǐ","玩累了，坐下来喝水吧。","4"
"启蒙园","40","自然四季","火","huǒ","火苗","huǒ miáo","蜡烛上的火苗轻轻晃动。","4"
"启蒙园","41","自然四季","山","shān","大山","dà shān","远处的大山挡住了落日。","3"
"启蒙园","42","自然四季","石","shí","石头","shí tou","我找到一块圆圆的石头。","5"
"启蒙园","43","自然四季","木","mù","木头","mù tou","这张小椅子是木头做的。","4"
"启蒙园","44","自然四季","花","huā","红花","hóng huā","窗台上的红花开了。","7"
"启蒙园","45","自然四季","草","cǎo","小草","xiǎo cǎo","小草从石缝里探出头来。","9"
"启蒙园","46","自然四季","树","shù","大树","dà shù","我们在大树下面乘凉。","9"
"启蒙园","47","自然四季","叶","yè","树叶","shù yè","一片树叶落在我的帽子上。","5"
"启蒙园","48","自然四季","竹","zhú","竹子","zhú zi","熊猫抱着竹子吃得很香。","6"
"启蒙园","49","自然四季","海","hǎi","大海","dà hǎi","大海的浪花打湿了我的脚。","10"
"启蒙园","50","自然四季","河","hé","小河","xiǎo hé","小河弯弯地流过村庄。","8"
"启蒙园","51","生活与科学","江","jiāng","长江","cháng jiāng","地图上的长江像一条长丝带。","6"
"启蒙园","52","自然四季","光","guāng","阳光","yáng guāng","阳光照在晒好的被子上。","6"
"启蒙园","53","自然四季","雷","léi","雷声","léi shēng","听到雷声，小狗躲到桌子下。","13"
"启蒙园","54","动物伙伴","鸟","niǎo","小鸟","xiǎo niǎo","小鸟衔着草飞回窝里。","5"
"启蒙园","55","动物伙伴","鸡","jī","小鸡","xiǎo jī","小鸡跟在鸡妈妈身后。","7"
"启蒙园","56","动物伙伴","鸭","yā","鸭子","yā zi","鸭子摇摇摆摆走进池塘。","10"
"启蒙园","57","动物伙伴","鹅","é","白鹅","bái é","白鹅伸长脖子叫了两声。","12"
"启蒙园","58","动物伙伴","鱼","yú","小鱼","xiǎo yú","小鱼躲进了水草里。","8"
"启蒙园","59","动物伙伴","虫","chóng","虫子","chóng zǐ","树叶背面藏着一只虫子。","6"
"启蒙园","60","动物伙伴","猫","māo","小猫","xiǎo māo","小猫趴在窗边晒太阳。","11"
"启蒙园","61","动物伙伴","狗","gǒu","小狗","xiǎo gǒu","小狗摇着尾巴迎接我。","8"
"启蒙园","62","动物伙伴","牛","niú","水牛","shuǐ niú","水牛站在浅水里甩尾巴。","4"
"启蒙园","63","动物伙伴","羊","yáng","小羊","xiǎo yáng","小羊低下头吃青草。","6"
"启蒙园","64","动物伙伴","马","mǎ","白马","bái mǎ","白马跑过绿绿的草地。","3"
"启蒙园","65","动物伙伴","兔","tù","兔子","tù zi","兔子竖起耳朵听动静。","8"
"启蒙园","66","动物伙伴","虎","hǔ","老虎","lǎo hǔ","老虎身上有一道道黑条纹。","8"
"启蒙园","67","动物伙伴","鹿","lù","小鹿","xiǎo lù","小鹿轻轻跳过小水沟。","11"
"启蒙园","68","动物伙伴","猴","hóu","猴子","hóu zi","猴子倒挂在树枝上。","12"
"启蒙园","69","动物伙伴","鼠","shǔ","老鼠","lǎo shǔ","老鼠听见脚步声就跑了。","13"
"启蒙园","70","动物伙伴","象","xiàng","大象","dà xiàng","大象用长鼻子卷起青草。","11"
"启蒙园","71","动物伙伴","龙","lóng","恐龙","kǒng lóng","博物馆里有高大的恐龙骨架。","5"
"启蒙园","72","动物伙伴","蛇","shé","小蛇","xiǎo shé","小蛇从草丛里爬了出来。","11"
"启蒙园","73","动物伙伴","熊","xióng","小熊","xiǎo xióng","绘本里的小熊正在找蜂蜜。","14"
"启蒙园","74","身体与健康","目","mù","目光","mù guāng","我的目光跟着蝴蝶移来移去。","5"
"启蒙园","75","身体与健康","耳","ěr","耳朵","ěr duo","小兔子的耳朵又长又软。","6"
"启蒙园","76","身体与健康","口","kǒu","口水","kǒu shuǐ","弟弟睡着了，嘴边挂着口水。","3"
"启蒙园","77","身体与健康","手","shǒu","小手","xiǎo shǒu","洗净小手再吃点心。","4"
"启蒙园","78","幼儿园与校园","足","zú","足球","zú qiú","足球滚到了球门旁边。","7"
"启蒙园","79","身体与健康","牙","yá","牙齿","yá chǐ","早晚刷牙，保护牙齿。","4"
"启蒙园","80","身体与健康","舌","shé","舌头","shé tou","小狗伸出舌头直喘气。","6"
"启蒙园","81","感受与相处","心","xīn","爱心","ài xīn","我们把爱心画在送给老师的卡片上。","4"
"启蒙园","82","每天做的事","头","tóu","点头","diǎn tóu","听懂以后，我轻轻点头。","5"
"启蒙园","83","幼儿园与校园","皮","pí","皮球","pí qiú","皮球弹了几下，停在墙边。","5"
"启蒙园","84","每天做的事","看","kàn","看见","kàn jiàn","透过窗户，我看见一只小鸟。","9"
"启蒙园","85","每天做的事","听","tīng","听话","tīng huà","妹妹很听话，出门一直牵着妈妈。","7"
"启蒙园","86","每天做的事","说","shuō","说话","shuō huà","宝宝开始学着说话了。","9"
"启蒙园","87","幼儿园与校园","读","dú","读书","dú shū","睡前，爸爸陪我读书。","10"
"启蒙园","88","幼儿园与校园","写","xiě","写字","xiě zì","写字时，要把背挺直。","5"
"启蒙园","89","幼儿园与校园","画","huà","画画","huà huà","我喜欢用彩色笔画画。","8"
"启蒙园","90","每天做的事","唱","chàng","唱歌","chàng gē","洗澡时，弟弟也爱唱歌。","11"
"启蒙园","91","感受与相处","哭","kū","大哭","dà kū","气球飞走了，弟弟急得大哭。","10"
"启蒙园","92","感受与相处","笑","xiào","大笑","dà xiào","小丑逗得大家哈哈大笑。","10"
"启蒙园","93","每天做的事","吃","chī","吃饭","chī fàn","吃饭前，先把玩具放好。","6"
"启蒙园","94","每天做的事","喝","hē","喝水","hē shuǐ","我把杯子拿稳，小口喝水。","12"
"启蒙园","95","每天做的事","跑","pǎo","跑步","pǎo bù","清早，爸爸在公园跑步。","12"
"启蒙园","96","每天做的事","走","zǒu","走路","zǒu lù","走路时，要看清前面的台阶。","7"
"启蒙园","97","每天做的事","跳","tiào","跳高","tiào gāo","运动场上，姐姐正在练习跳高。","13"
"启蒙园","98","每天做的事","爬","pá","爬山","pá shān","周末，我们带上水去爬山。","8"
"启蒙园","99","每天做的事","坐","zuò","坐好","zuò hǎo","请先坐好，再系上安全带。","7"
"启蒙园","100","每天做的事","睡","shuì","睡觉","shuì jiào","小猫蜷在软垫上睡觉。","13"
"启蒙园","101","幼儿园与校园","立","lì","起立","qǐ lì","听到口令，大家一起起立。","5"
"启蒙园","102","出行与社区","站","zhàn","车站","chē zhàn","我们在车站排队等车。","10"
"启蒙园","103","每天做的事","来","lái","过来","guò lái","过来看看，我搭好了一座桥。","7"
"启蒙园","104","每天做的事","去","qù","回去","huí qù","天快黑了，我们回去吧。","5"
"启蒙园","105","每天做的事","开","kāi","开门","kāi mén","开门前，先问清楚是谁。","4"
"启蒙园","106","每天做的事","关","guān","关门","guān mén","轻轻关门，别吵醒宝宝。","6"
"启蒙园","107","每天做的事","回","huí","回家","huí jiā","放学后，我和妈妈一起回家。","6"
"启蒙园","108","每天做的事","给","gěi","给你","gěi nǐ","这支蓝色的笔给你用。","9"
"启蒙园","109","每天做的事","拿","ná","拿来","ná lái","请把桌上的纸拿来。","10"
"启蒙园","110","每天做的事","打","dǎ","打鼓","dǎ gǔ","弟弟跟着音乐打鼓。","5"
"启蒙园","111","出行与社区","飞","fēi","飞机","fēi jī","飞机在云层上面飞行。","3"
"启蒙园","112","家里的发现","门","mén","大门","dà mén","幼儿园的大门打开了。","3"
"启蒙园","113","家里的发现","窗","chuāng","窗户","chuāng hù","打开窗户，屋里凉快多了。","12"
"启蒙园","114","出行与社区","车","chē","汽车","qì chē","这辆汽车正在等红灯。","4"
"启蒙园","115","出行与社区","船","chuán","小船","xiǎo chuán","小船轻轻靠在岸边。","11"
"启蒙园","116","出行与社区","机","jī","飞机","fēi jī","我仰起头，看飞机飞过屋顶。","6"
"启蒙园","117","家里的发现","伞","sǎn","雨伞","yǔ sǎn","收起雨伞前，先抖掉水珠。","6"
"启蒙园","118","幼儿园与校园","包","bāo","书包","shū bāo","我的书包里装着一本绘本。","5"
"启蒙园","119","幼儿园与校园","书","shū","看书","kàn shū","看书时，别趴得太近。","4"
"启蒙园","120","幼儿园与校园","笔","bǐ","铅笔","qiān bǐ","我用铅笔画了一条小鱼。","10"
"启蒙园","121","幼儿园与校园","纸","zhǐ","白纸","bái zhǐ","姐姐把白纸折成了小船。","7"
"启蒙园","122","家里的发现","灯","dēng","电灯","diàn dēng","天黑了，妈妈打开电灯。","6"
"启蒙园","123","幼儿园与校园","球","qiú","皮球","pí qiú","我把皮球轻轻滚给朋友。","11"
"启蒙园","124","家里的发现","杯","bēi","水杯","shuǐ bēi","水杯放在桌上，别碰倒了。","8"
"启蒙园","125","家里的发现","碗","wǎn","小碗","xiǎo wǎn","我的小碗里盛着热粥。","13"
"启蒙园","126","家里的发现","刀","dāo","小刀","xiǎo dāo","爸爸用小刀削好苹果，再递给我。","2"
"启蒙园","127","家里的发现","勺","sháo","勺子","sháo zǐ","我用勺子舀起一口汤。","3"
"启蒙园","128","家里的发现","椅","yǐ","椅子","yǐ zi","吃完饭，把椅子推回桌下。","12"
"启蒙园","129","家里的发现","床","chuáng","小床","xiǎo chuáng","我的小床靠着窗边。","7"
"启蒙园","130","家里的发现","被","bèi","被子","bèi zi","睡觉前，我把被子拉好。","10"
"启蒙园","131","家里的发现","衣","yī","衣服","yī fu","淋湿的衣服要及时换掉。","6"
"启蒙园","132","家里的发现","帽","mào","帽子","mào zi","风把我的帽子吹歪了。","12"
"启蒙园","133","家里的发现","鞋","xié","鞋子","xié zǐ","进门后，我把鞋子摆整齐。","15"
"启蒙园","134","家里的发现","袜","wà","袜子","wà zi","这双袜子上有小熊图案。","10"
"启蒙园","135","家里的发现","钟","zhōng","闹钟","nào zhōng","闹钟一响，我就起床。","9"
"启蒙园","136","幼儿园与校园","琴","qín","弹琴","tán qín","姐姐弹琴，我在旁边轻轻唱。","12"
"启蒙园","137","家里的发现","盒","hé","盒子","hé zi","打开盒子，里面全是积木。","11"
"启蒙园","138","家里的发现","家","jiā","回家","huí jiā","回家以后，我先洗手。","10"
"启蒙园","139","家里的发现","屋","wū","小屋","xiǎo wū","山脚下的小屋亮着灯。","9"
"启蒙园","140","出行与社区","路","lù","马路","mǎ lù","过马路要走斑马线。","13"
"启蒙园","141","出行与社区","桥","qiáo","小桥","xiǎo qiáo","走过小桥，就到了公园。","10"
"启蒙园","142","文化与社会","钱","qián","压岁钱","yā suì qián","我把压岁钱存进小猪存钱罐。","10"
"启蒙园","143","食物和餐桌","米","mǐ","大米","dà mǐ","煮饭前，妈妈先淘洗大米。","6"
"启蒙园","144","食物和餐桌","面","miàn","面条","miàn tiáo","面条太长了，要慢慢吃。","9"
"启蒙园","145","食物和餐桌","饭","fàn","米饭","mǐ fàn","今天的米饭软软的。","7"
"启蒙园","146","食物和餐桌","菜","cài","青菜","qīng cài","奶奶把青菜洗得干干净净。","11"
"启蒙园","147","食物和餐桌","肉","ròu","牛肉","niú ròu","这碗面里加了几片牛肉。","6"
"启蒙园","148","食物和餐桌","蛋","dàn","鸡蛋","jī dàn","我剥开鸡蛋，看见圆圆的蛋黄。","11"
"启蒙园","149","食物和餐桌","果","guǒ","苹果","píng guǒ","苹果洗干净了才能吃。","8"
"启蒙园","150","食物和餐桌","瓜","guā","西瓜","xī guā","切开的西瓜露出红红的果肉。","5"
"启蒙园","151","食物和餐桌","茶","chá","喝茶","hē chá","爷爷坐在窗边喝茶。","9"
"启蒙园","152","食物和餐桌","糖","táng","糖果","táng guǒ","这颗糖果包着亮亮的彩纸。","16"
"启蒙园","153","样子与比较","红","hóng","红色","hóng sè","我选了红色的蜡笔画太阳。","6"
"启蒙园","154","样子与比较","黄","huáng","黄色","huáng sè","小鸭子的毛是黄色的。","11"
"启蒙园","155","样子与比较","蓝","lán","蓝色","lán sè","哥哥穿着蓝色的外套。","13"
"启蒙园","156","样子与比较","绿","lǜ","绿色","lǜ sè","嫩嫩的豆芽穿上了绿色外衣。","11"
"启蒙园","157","样子与比较","黑","hēi","黑色","hēi sè","熊猫的耳朵是黑色的。","12"
"启蒙园","158","样子与比较","白","bái","白色","bái sè","我在蓝纸上贴了白色的云朵。","5"
"启蒙园","159","样子与比较","紫","zǐ","紫色","zǐ sè","杯子里装着紫色的葡萄汁。","12"
"启蒙园","160","自然四季","大","dà","大山","dà shān","我画了一座大山和一条小河。","3"
"启蒙园","161","身体与健康","小","xiǎo","小手","xiǎo shǒu","宝宝的小手紧紧抓着我的手指。","3"
"启蒙园","162","样子与比较","多","duō","许多","xǔ duō","花园里飞来了许多蝴蝶。","6"
"启蒙园","163","生活与科学","少","shǎo","多少","duō shǎo","数一数，篮子里有多少个梨？","4"
"启蒙园","164","自然四季","高","gāo","高山","gāo shān","高山的山顶上还盖着白雪。","10"
"启蒙园","165","样子与比较","快","kuài","飞快","fēi kuài","小狗飞快地跑向草地。","7"
"启蒙园","166","样子与比较","慢","màn","慢慢","màn màn","爷爷慢慢走，我陪在旁边。","14"
"启蒙园","167","样子与比较","冷","lěng","冰冷","bīng lěng","冰冷的雪花落在手心里。","7"
"启蒙园","168","家里的发现","热","rè","热水","rè shuǐ","杯里的热水要放凉再喝。","10"
"启蒙园","169","家人和朋友","好","hǎo","你好","nǐ hǎo","早上进教室，我对老师说你好。","6"
"启蒙园","170","样子与比较","美","měi","美丽","měi lì","雨后的花园真美丽。","9"
"启蒙园","171","样子与比较","上","shàng","上下","shàng xià","小鸟的翅膀上下扇动。","3"
"启蒙园","172","样子与比较","下","xià","上下","shàng xià","电梯上下运行，送大家到不同楼层。","3"
"启蒙园","173","样子与比较","左","zuǒ","左右","zuǒ yòu","过马路前，要左右看看。","5"
"启蒙园","174","样子与比较","右","yòu","左右","zuǒ yòu","弟弟跟着音乐左右摇摆。","5"
"启蒙园","175","样子与比较","中","zhōng","中间","zhōng jiān","我坐在爸爸和妈妈中间。","4"
"启蒙园","176","样子与比较","前","qián","前后","qián hòu","排队时，前后的小朋友不要推挤。","9"
"启蒙园","177","样子与比较","后","hòu","前后","qián hòu","我坐在小木马上，轻轻前后摇晃。","6"
"启蒙园","178","家里的发现","里","lǐ","家里","jiā lǐ","下雨天，我们在家里搭积木。","7"
"启蒙园","179","家里的发现","外","wài","门外","mén wài","门外传来了熟悉的脚步声。","5"
"启蒙园","180","自然四季","东","dōng","东边","dōng biān","太阳从东边升起来。","5"
"启蒙园","181","文化与社会","年","nián","过年","guò nián","过年时，全家一起吃团圆饭。","6"
"启蒙园","182","每天做的事","分","fēn","分一分","fēn yī fēn","把橘子分一分，每个人都有。","4"
"启蒙园","183","家里的发现","早","zǎo","早上","zǎo shàng","早上起来，我先拉开窗帘。","6"
"启蒙园","184","家里的发现","晚","wǎn","晚上","wǎn shàng","晚上睡前，妈妈给我讲故事。","11"
"启蒙园","185","自然四季","夜","yè","黑夜","hēi yè","黑夜里，路灯一盏盏亮着。","8"
"启蒙园","186","幼儿园与校园","今","jīn","今天","jīn tiān","今天轮到我给班里的小花浇水。","4"
"启蒙园","187","出行与社区","明","míng","明天","míng tiān","明天去公园，我想带上风筝。","8"
"启蒙园","188","自然四季","春","chūn","春天","chūn tiān","春天到了，树枝冒出小芽。","9"
"启蒙园","189","自然四季","夏","xià","夏天","xià tiān","夏天的池塘里开满荷花。","10"
"启蒙园","190","自然四季","秋","qiū","秋天","qiū tiān","秋天到了，树叶渐渐变黄了。","9"
"启蒙园","191","自然四季","冬","dōng","冬天","dōng tiān","冬天出门，记得戴上手套。","5"
"生活发现","1","家人和朋友","儿","ér","儿子","ér zi","叔叔带着儿子去公园。","2"
"生活发现","2","家人和朋友","子","zi","孩子","hái zi","孩子们在草地上玩耍。","3"
"生活发现","3","幼儿园与校园","老","lǎo","老师","lǎo shī","老师带我们观察小蚂蚁。","6"
"生活发现","4","出行与社区","公","gōng","公园","gōng yuán","公园里的荷花开了。","4"
"生活发现","5","家人和朋友","婆","pó","外婆","wài pó","外婆牵着我的手去散步。","11"
"生活发现","6","家人和朋友","叔","shū","叔叔","shū shu","叔叔带我去公园放风筝。","8"
"生活发现","7","家人和朋友","姑","gū","姑姑","gū gu","姑姑送给我一本图画书。","8"
"生活发现","8","家人和朋友","姨","yí","阿姨","ā yí","阿姨帮我把掉落的帽子捡起来。","9"
"生活发现","9","家人和朋友","舅","jiù","舅舅","jiù jiu","舅舅教我折了一架纸飞机。","13"
"生活发现","10","家人和朋友","伴","bàn","伙伴","huǒ bàn","我和伙伴一起搭积木。","7"
"生活发现","11","家人和朋友","亲","qīn","亲人","qīn rén","过年时我们和亲人团聚。","9"
"生活发现","12","感受与相处","爱","ài","爱护","ài hù","我们一起爱护小树。","10"
"生活发现","13","家人和朋友","您","nín","您好","nín hǎo","见到老师，我说您好。","11"
"生活发现","14","身体与健康","眼","yǎn","眼睛","yǎn jīng","看书久了，要让眼睛休息。","11"
"生活发现","15","身体与健康","睛","jīng","眼睛","yǎn jīng","看书一会儿后，让眼睛休息一下。","13"
"生活发现","16","身体与健康","脸","liǎn","洗脸","xǐ liǎn","早上起床后，我先洗脸。","11"
"生活发现","17","身体与健康","鼻","bí","鼻子","bí zi","小象用鼻子卷起香蕉。","14"
"生活发现","18","身体与健康","嘴","zuǐ","嘴巴","zuǐ ba","小河马张开了大嘴巴。","16"
"生活发现","19","身体与健康","脚","jiǎo","脚印","jiǎo yìn","雪地上留下了一串脚印。","11"
"生活发现","20","身体与健康","腿","tuǐ","小腿","xiǎo tuǐ","跑步之后，我轻轻揉了揉小腿。","13"
"生活发现","21","身体与健康","肚","dù","肚子","dù zǐ","肚子不舒服时要告诉大人。","7"
"生活发现","22","出行与社区","背","bēi","背包","bēi bāo","出发前，我把水杯放进背包。","9"
"生活发现","23","身体与健康","肩","jiān","肩膀","jiān bǎng","书包的背带搭在肩膀上。","8"
"生活发现","24","身体与健康","齿","chǐ","牙齿","yá chǐ","刷牙能帮助保护牙齿。","8"
"生活发现","25","家里的发现","毛","máo","毛巾","máo jīn","洗完脸要用干净的毛巾擦干。","4"
"生活发现","26","身体与健康","汗","hàn","出汗","chū hàn","跑了一会儿，我就出汗了。","6"
"生活发现","27","每天做的事","穿","chuān","穿衣","chuān yī","弟弟学会了自己穿衣。","9"
"生活发现","28","每天做的事","脱","tuō","脱鞋","tuō xié","进门后，我坐下来脱鞋。","11"
"生活发现","29","每天做的事","戴","dài","佩戴","pèi dài","骑车时要佩戴头盔。","17"
"生活发现","30","家里的发现","服","fu","衣服","yī fu","我把干净的衣服叠好了。","8"
"生活发现","31","家里的发现","裤","kù","裤子","kù zǐ","这条裤子有两个大口袋。","12"
"生活发现","32","家里的发现","裙","qún","裙子","qún zǐ","妹妹穿着蓝色裙子去公园。","12"
"生活发现","33","家里的发现","衫","shān","衬衫","chèn shān","爸爸穿了一件白衬衫。","8"
"生活发现","34","家里的发现","袖","xiù","袖子","xiù zǐ","我的袖子上绣着一朵小花。","10"
"生活发现","35","每天做的事","带","dài","带领","dài lǐng","老师带领大家参观校园。","9"
"生活发现","36","家里的发现","扣","kòu","纽扣","niǔ kòu","我把衬衫的纽扣扣好了。","6"
"生活发现","37","家里的发现","巾","jīn","毛巾","máo jīn","我用毛巾擦干小手。","3"
"生活发现","38","身体与健康","洗","xǐ","洗手","xǐ shǒu","吃饭前，我先用肥皂洗手。","9"
"生活发现","39","身体与健康","刷","shuā","刷牙","shuā yá","早晚刷牙，保护小牙齿。","8"
"生活发现","40","每天做的事","擦","cā","擦桌子","cā zhuō zi","吃完饭后，我帮爸爸擦桌子。","17"
"生活发现","41","样子与比较","净","jìng","干净","gān jìng","我把小手洗得干干净净。","8"
"生活发现","42","家里的发现","脏","zāng","脏衣服","zāng yī fu","我把脏衣服放进洗衣篮。","10"
"生活发现","43","家里的发现","皂","zào","肥皂","féi zào","我用肥皂认真洗净双手。","7"
"生活发现","44","家里的发现","浴","yù","浴室","yù shì","洗澡后，浴室的地面有些湿。","10"
"生活发现","45","家里的发现","垃","lā","垃圾","lā jī","吃完香蕉，把果皮放进垃圾桶。","8"
"生活发现","46","家里的发现","圾","jī","垃圾","lā jī","请把垃圾放进垃圾桶里。","6"
"生活发现","47","身体与健康","尿","niào","尿液","niào yè","尿液由肾脏产生。","7"
"生活发现","48","食物和餐桌","食","shí","食物","shí wù","松鼠把食物藏进树洞。","9"
"生活发现","49","食物和餐桌","餐","cān","早餐","zǎo cān","今天的早餐有鸡蛋和粥。","16"
"生活发现","50","食物和餐桌","豆","dòu","豆腐","dòu fu","奶奶煮了一锅豆腐汤。","7"
"生活发现","51","食物和餐桌","汤","tāng","菜汤","cài tāng","这碗菜汤还烫，先等一会儿。","6"
"生活发现","52","食物和餐桌","饼","bǐng","饼干","bǐng gān","我把饼干放进小盘子里。","9"
"生活发现","53","身体与健康","饿","è","饥饿","jī è","饥饿的小猫吃起了猫粮。","10"
"生活发现","54","食物和餐桌","饱","bǎo","吃饱","chī bǎo","吃饱以后，我把碗筷收好。","8"
"生活发现","55","食物和餐桌","香","xiāng","香蕉","xiāng jiāo","小猴剥开了一根香蕉。","9"
"生活发现","56","食物和餐桌","甜","tián","香甜","xiāng tián","烤红薯吃起来软糯香甜。","11"
"生活发现","57","食物和餐桌","酸","suān","酸甜","suān tián","这颗葡萄酸甜可口。","14"
"生活发现","58","食物和餐桌","咸","xián","咸味","xián wèi","这碗汤带着一点咸味。","9"
"生活发现","59","食物和餐桌","淡","dàn","清淡","qīng dàn","今天的晚饭清淡又可口。","11"
"生活发现","60","食物和餐桌","味","wèi","味道","wèi dào","厨房里飘出面包的味道。","8"
"生活发现","61","食物和餐桌","汁","zhī","果汁","guǒ zhī","我把果汁倒进了杯子里。","5"
"生活发现","62","食物和餐桌","油","yóu","香油","xiāng yóu","奶奶在凉菜里滴了几滴香油。","8"
"生活发现","63","食物和餐桌","盐","yán","食盐","shí yán","妈妈往菜里放了一点食盐。","10"
"生活发现","64","食物和餐桌","苹","píng","苹果","píng guǒ","我把苹果洗干净再吃。","8"
"生活发现","65","食物和餐桌","桃","táo","桃子","táo zǐ","洗净的桃子放在果盘里。","10"
"生活发现","66","食物和餐桌","梨","lí","雪梨","xuě lí","妈妈把雪梨切成小块。","11"
"生活发现","67","食物和餐桌","枣","zǎo","红枣","hóng zǎo","奶奶往粥里放了几颗红枣。","8"
"生活发现","68","食物和餐桌","杏","xìng","杏子","xìng zǐ","树上的杏子已经变黄了。","7"
"生活发现","69","食物和餐桌","橙","chéng","橙子","chéng zǐ","我把橙子分成了两半。","16"
"生活发现","70","食物和餐桌","橘","jú","橘子","jú zǐ","剥开橘子就闻到了果香。","16"
"生活发现","71","食物和餐桌","葡","pú","葡萄","pú táo","架子上挂满了紫色的葡萄。","12"
"生活发现","72","食物和餐桌","萄","táo","葡萄","pú táo","架子上挂着一串串葡萄。","11"
"生活发现","73","食物和餐桌","萝","luó","萝卜","luó bo","爷爷拔起一个白萝卜。","11"
"生活发现","74","食物和餐桌","卜","bo","萝卜","luó bo","奶奶用萝卜炖了一锅汤。","2"
"生活发现","75","食物和餐桌","葱","cōng","洋葱","yáng cōng","切开的洋葱有一层层的纹路。","12"
"生活发现","76","食物和餐桌","蒜","suàn","大蒜","dà suàn","奶奶剥好了几瓣大蒜。","13"
"生活发现","77","食物和餐桌","菇","gu","蘑菇","mó gu","不认识的野蘑菇不能吃。","11"
"生活发现","78","家里的发现","房","fáng","房间","fáng jiān","我的房间里有一张小床。","8"
"生活发现","79","幼儿园与校园","室","shì","教室","jiào shì","教室里传来朗朗的读书声。","9"
"生活发现","80","家里的发现","厅","tīng","客厅","kè tīng","我们在客厅里一起看书。","4"
"生活发现","81","家里的发现","楼","lóu","楼梯","lóu tī","上下楼梯时，不要追逐打闹。","13"
"生活发现","82","家里的发现","台","tái","阳台","yáng tái","奶奶在阳台上种了花。","5"
"生活发现","83","家里的发现","墙","qiáng","墙壁","qiáng bì","墙壁上挂着一幅画。","14"
"生活发现","84","家里的发现","桌","zhuō","桌子","zhuō zi","我把画好的画放在桌子上。","10"
"生活发现","85","家里的发现","凳","dèng","凳子","dèng zǐ","我把小凳子搬到桌边。","14"
"生活发现","86","家里的发现","柜","guì","衣柜","yī guì","衣柜里挂着干净的衣服。","8"
"生活发现","87","家里的发现","箱","xiāng","箱子","xiāng zǐ","箱子里装着冬天的衣服。","15"
"生活发现","88","家里的发现","盆","pén","脸盆","liǎn pén","我把脸盆里的水倒掉了。","9"
"生活发现","89","家里的发现","桶","tǒng","水桶","shuǐ tǒng","我用小水桶接了一点水。","11"
"生活发现","90","家里的发现","瓶","píng","瓶子","píng zi","我把洗净的瓶子放在架子上。","10"
"生活发现","91","食物和餐桌","盘","pán","盘子","pán zi","盘子里放着切好的苹果。","11"
"生活发现","92","家里的发现","锅","guō","铁锅","tiě guō","爸爸用铁锅煮了一锅粥。","12"
"生活发现","93","家里的发现","壶","hú","水壶","shuǐ hú","爸爸把水壶放进背包。","10"
"生活发现","94","家里的发现","锁","suǒ","门锁","mén suǒ","爸爸检查了大门上的门锁。","12"
"生活发现","95","家里的发现","钥","yào","钥匙","yào shi","爸爸用钥匙打开了家门。","9"
"生活发现","96","食物和餐桌","匙","chí","汤匙","tāng chí","我用汤匙慢慢舀起碗里的汤。","11"
"生活发现","97","家里的发现","帘","lián","窗帘","chuāng lián","我拉开窗帘让阳光照进来。","8"
"生活发现","98","家里的发现","镜","jìng","镜子","jìng zi","我对着镜子整理衣领。","16"
"生活发现","99","幼儿园与校园","学","xué","学习","xué xí","我们一起学习折纸。","8"
"生活发现","100","幼儿园与校园","校","xiào","学校","xué xiào","学校门口种着两棵大树。","10"
"生活发现","101","幼儿园与校园","师","shī","老师","lǎo shī","老师带我们观察小蚂蚁。","6"
"生活发现","102","幼儿园与校园","班","bān","班级","bān jí","我们班级今天来了新同学。","10"
"生活发现","103","自然四季","园","yuán","花园","huā yuán","花园里开满了五颜六色的花。","7"
"生活发现","104","幼儿园与校园","课","kè","课本","kè běn","我给新课本包上了书皮。","10"
"生活发现","105","幼儿园与校园","字","zì","汉字","hàn zì","我在田字格里认真写汉字。","6"
"生活发现","106","家人和朋友","名","míng","名字","míng zì","请把你的名字告诉我。","6"
"生活发现","107","幼儿园与校园","同","tóng","同学","tóng xué","同学们一起打扫教室。","6"
"生活发现","108","家人和朋友","朋","péng","朋友","péng yǒu","我和朋友一起画彩虹。","8"
"生活发现","109","每天做的事","队","duì","排队","pái duì","买票的时候请排队。","4"
"生活发现","110","每天做的事","排","pái","排队","pái duì","大家排队等着坐滑梯。","11"
"生活发现","111","把话说完整","请","qǐng","请问","qǐng wèn","请问，图书馆在哪里？","10"
"生活发现","112","家人和朋友","谢","xiè","谢谢","xiè xiè","收到帮助后，我认真说了谢谢。","12"
"生活发现","113","每天做的事","玩","wán","玩耍","wán shuǎ","我们在公园里快乐地玩耍。","8"
"生活发现","114","每天做的事","拍","pāi","拍手","pāi shǒu","大家高兴地拍手唱歌。","8"
"生活发现","115","每天做的事","踢","tī","踢球","tī qiú","我和朋友在草地上踢球。","15"
"生活发现","116","每天做的事","扔","rēng","扔掉","rēng diào","坏掉的纸盒不要随便扔掉。","5"
"生活发现","117","每天做的事","接","jiē","接住","jiē zhù","姐姐接住了飞来的球。","11"
"生活发现","118","每天做的事","抛","pāo","抛球","pāo qiú","老师教我们向上抛球。","7"
"生活发现","119","每天做的事","捉","zhuō","捉迷藏","zhuō mí cáng","我们在院子里玩捉迷藏。","10"
"生活发现","120","每天做的事","滚","gǔn","滚动","gǔn dòng","小皮球沿着斜坡滚动。","13"
"生活发现","121","每天做的事","滑","huá","滑梯","huá tī","玩滑梯时，大家要排队等候。","12"
"生活发现","122","家里的发现","摇","yáo","摇篮","yáo lán","宝宝在摇篮里安静地睡着。","13"
"生活发现","123","每天做的事","摆","bǎi","摆放","bǎi fàng","请把积木整齐地摆放好。","13"
"生活发现","124","每天做的事","堆","duī","堆积","duī jī","落叶在墙角慢慢堆积。","11"
"生活发现","125","每天做的事","搭","dā","搭积木","dā jī mù","我和妹妹坐在地毯上搭积木。","12"
"生活发现","126","家里的发现","拼","pīn","拼图","pīn tú","我把最后一块拼图放好了。","9"
"生活发现","127","每天做的事","涂","tú","涂色","tú sè","我给画里的小花涂色。","10"
"生活发现","128","每天做的事","折","zhé","折纸","zhé zhǐ","姐姐教我折纸飞机。","7"
"生活发现","129","幼儿园与校园","贴","tiē","贴纸","tiē zhǐ","我把星星贴纸贴在画本上。","9"
"生活发现","130","家里的发现","剪","jiǎn","剪刀","jiǎn dāo","用剪刀时，手指要离开刀口。","11"
"生活发现","131","每天做的事","吹","chuī","吹气","chuī qì","我朝纸风车轻轻吹气。","7"
"生活发现","132","每天做的事","藏","cáng","收藏","shōu cáng","哥哥喜欢收藏不同形状的石头。","17"
"生活发现","133","每天做的事","抱","bào","拥抱","yōng bào","我给了妈妈一个拥抱。","8"
"生活发现","134","每天做的事","拉","lā","拉手","lā shǒu","两个孩子拉手走过小桥。","8"
"生活发现","135","家里的发现","推","tuī","推车","tuī chē","爸爸推着推车去买菜。","11"
"生活发现","136","每天做的事","放","fàng","放下","fàng xià","请轻轻放下手里的杯子。","8"
"生活发现","137","每天做的事","收","shōu","收拾","shōu shí","玩完积木要收拾好。","6"
"生活发现","138","每天做的事","找","zhǎo","找到","zhǎo dào","我在书包里找到了橡皮。","7"
"生活发现","139","每天做的事","送","sòng","送给","sòng gěi","我把自己画的画送给奶奶。","9"
"生活发现","140","每天做的事","帮","bāng","帮忙","bāng máng","我给花浇水，帮忙照顾花园。","9"
"生活发现","141","每天做的事","等","děng","等待","děng dài","我们在车站安静地等待。","12"
"生活发现","142","每天做的事","让","ràng","让开","ràng kāi","请让开一点，推车要过去。","5"
"生活发现","143","每天做的事","跟","gēn","跟随","gēn suí","小鸭子跟随妈妈走向池塘。","13"
"生活发现","144","每天做的事","牵","qiān","牵手","qiān shǒu","过马路时，我和妈妈牵手同行。","9"
"生活发现","145","家里的发现","扶","fú","扶手","fú shǒu","上楼时，我握住楼梯扶手。","7"
"生活发现","146","每天做的事","换","huàn","交换","jiāo huàn","我和朋友交换了手里的贴纸。","10"
"生活发现","147","每天做的事","出","chū","出门","chū mén","出门前记得穿好鞋。","5"
"生活发现","148","出行与社区","入","rù","入口","rù kǒu","游乐园的入口就在前面。","2"
"生活发现","149","每天做的事","进","jìn","进去","jìn qù","门开了，我们一起进去吧。","7"
"生活发现","150","每天做的事","到","dào","到家","dào jiā","我们天黑前就到家了。","8"
"生活发现","151","把话说完整","过","guò","过去","guò qù","过去的照片装满了一本相册。","6"
"生活发现","152","每天做的事","行","xíng","行走","xíng zǒu","我们沿着小路慢慢行走。","6"
"生活发现","153","出行与社区","停","tíng","停车","tíng chē","爸爸在停车位上停车。","11"
"生活发现","154","每天做的事","转","zhuàn","转圈","zhuàn quān","小风车在风里不停转圈。","8"
"生活发现","155","每天做的事","买","mǎi","买菜","mǎi cài","周末我陪奶奶去买菜。","6"
"生活发现","156","家里的发现","店","diàn","商店","shāng diàn","商店里摆着许多文具。","8"
"生活发现","157","出行与社区","街","jiē","街道","jiē dào","雨后的街道干干净净。","12"
"生活发现","158","家里的发现","院","yuàn","院子","yuàn zi","院子里的石榴树开花了。","9"
"生活发现","159","出行与社区","辆","liàng","车辆","chē liàng","路口的车辆停下来等红灯。","11"
"生活发现","160","出行与社区","轮","lún","车轮","chē lún","自行车的车轮转得很快。","8"
"生活发现","161","出行与社区","汽","qì","汽车","qì chē","汽车停在路口等待绿灯。","7"
"生活发现","162","每天做的事","骑","qí","骑车","qí chē","姐姐戴好头盔去骑车。","11"
"生活发现","163","动物伙伴","猪","zhū","小猪","xiǎo zhū","小猪在猪圈里用鼻子拱土。","11"
"生活发现","164","食物和餐桌","虾","xiā","虾米","xiā mǐ","妈妈在汤里放了一点虾米。","9"
"生活发现","165","动物伙伴","蛙","wā","青蛙","qīng wā","青蛙坐在荷叶上呱呱叫。","12"
"生活发现","166","动物伙伴","龟","guī","乌龟","wū guī","乌龟慢慢爬到石头上。","7"
"生活发现","167","动物伙伴","狮","shī","狮子","shī zi","狮子趴在树荫下休息。","9"
"生活发现","168","动物伙伴","狼","láng","灰狼","huī láng","画册里的灰狼在雪地上行走。","10"
"生活发现","169","动物伙伴","狐","hú","狐狸","hú li","狐狸的尾巴又长又蓬松。","8"
"生活发现","170","动物伙伴","蜂","fēng","蜜蜂","mì fēng","蜜蜂在花丛中飞来飞去。","13"
"生活发现","171","动物伙伴","蚂","mǎ","蚂蚁","mǎ yǐ","蚂蚁排着队搬运食物。","9"
"生活发现","172","动物伙伴","蚁","yǐ","蚂蚁","mǎ yǐ","一队蚂蚁正在搬运食物。","9"
"生活发现","173","动物伙伴","蝶","dié","蝴蝶","hú dié","蝴蝶停在黄色的小花上。","15"
"生活发现","174","动物伙伴","翅","chì","翅膀","chì bǎng","蝴蝶张开了美丽的翅膀。","10"
"生活发现","175","动物伙伴","尾","wěi","尾巴","wěi ba","小狗摇着尾巴跑过来。","7"
"生活发现","176","动物伙伴","爪","zhuǎ","爪子","zhuǎ zi","小猫用爪子轻轻拨动毛线球。","4"
"生活发现","177","自然四季","阳","yáng","太阳","tài yáng","太阳出来后，地面暖和了。","6"
"生活发现","178","样子与比较","亮","liàng","明亮","míng liàng","教室里的灯光很明亮。","9"
"生活发现","179","自然四季","阴","yīn","阴天","yīn tiān","今天是阴天，天空灰蒙蒙的。","6"
"生活发现","180","自然四季","晴","qíng","晴天","qíng tiān","晴天时，我们到户外晒太阳。","12"
"生活发现","181","自然四季","冰","bīng","冰块","bīng kuài","杯子里的冰块慢慢化了。","6"
"生活发现","182","自然四季","霜","shuāng","白霜","bái shuāng","清晨，草叶上结了一层白霜。","17"
"生活发现","183","自然四季","雾","wù","雾气","wù qì","清晨，湖面上飘着薄薄的雾气。","13"
"生活发现","184","自然四季","虹","hóng","彩虹","cǎi hóng","雨后，天空中出现一道彩虹。","9"
"生活发现","185","自然四季","沙","shā","沙子","shā zi","我用沙子堆起一座小城堡。","7"
"生活发现","186","自然四季","泥","ní","泥土","ní tǔ","雨后的泥土湿湿的。","8"
"生活发现","187","自然四季","土","tǔ","泥土","ní tǔ","雨后的泥土散发着清香。","3"
"生活发现","188","自然四季","芽","yá","发芽","fā yá","种在花盆里的豆子发芽了。","7"
"生活发现","189","自然四季","朵","duǒ","花朵","huā duǒ","蜜蜂落在黄色的花朵上。","6"
"生活发现","190","自然四季","棵","kē","一棵","yī kē","院子里种着一棵小桃树。","12"
"生活发现","191","感受与相处","喜","xǐ","喜欢","xǐ huan","妹妹喜欢听小鸟唱歌。","12"
"生活发现","192","感受与相处","欢","huan","喜欢","xǐ huan","我喜欢听奶奶讲故事。","6"
"生活发现","193","感受与相处","乐","lè","快乐","kuài lè","和朋友一起玩让我感到快乐。","5"
"生活发现","194","感受与相处","怕","pà","害怕","hài pà","感到害怕时，可以找大人帮忙。","8"
"生活发现","195","感受与相处","疼","téng","心疼","xīn téng","看见妈妈很累，我有些心疼。","10"
"生活发现","196","身体与健康","痛","tòng","疼痛","téng tòng","医生问我哪里感到疼痛。","12"
"生活发现","197","身体与健康","累","lèi","劳累","láo lèi","劳累一天后，爸爸早点休息了。","11"
"生活发现","198","感受与相处","困","kùn","困难","kùn nán","遇到困难可以向老师求助。","7"
"生活发现","199","身体与健康","醒","xǐng","醒来","xǐng lái","早上醒来，我听见小鸟唱歌。","16"
"生活发现","200","身体与健康","梦","mèng","做梦","zuò mèng","我做梦时梦见自己会飞。","11"
"生活发现","201","感受与相处","急","jí","着急","zháo jí","找不到水杯时，我有点着急。","9"
"生活发现","202","身体与健康","病","bìng","生病","shēng bìng","生病时要好好休息。","10"
"生活发现","203","家人和朋友","医","yī","医生","yī shēng","医生仔细听我的心跳。","7"
"生活发现","204","身体与健康","药","yào","吃药","chī yào","吃药要按医生的要求来。","9"
"生活发现","205","样子与比较","两","liǎng","两边","liǎng biān","道路两边种着大树。","7"
"生活发现","206","幼儿园与校园","比","bǐ","比赛","bǐ sài","我们参加了跳绳比赛。","4"
"生活发现","207","样子与比较","像","xiàng","好像","hǎo xiàng","白云好像一只小绵羊。","13"
"生活发现","208","样子与比较","更","gèng","更加","gèng jiā","下过雨后空气更加清新。","7"
"生活发现","209","每天做的事","长","zhǎng","长大","zhǎng dà","小树和我都在慢慢长大。","4"
"生活发现","210","家里的发现","短","duǎn","短裤","duǎn kù","夏天我喜欢穿短裤。","12"
"生活发现","211","每天做的事","低","dī","低头","dī tóu","小猫低头喝碗里的水。","7"
"生活发现","212","样子与比较","圆","yuán","圆形","yuán xíng","我用圆形的纸片做太阳。","10"
"生活发现","213","出行与社区","方","fāng","方向","fāng xiàng","小鸟朝大山的方向飞。","4"
"生活发现","214","样子与比较","胖","pàng","胖乎乎","pàng hū hū","画里的小熊胖乎乎的，很可爱。","9"
"生活发现","215","样子与比较","瘦","shòu","瘦小","shòu xiǎo","这株瘦小的幼苗需要细心照料。","14"
"生活发现","216","样子与比较","软","ruǎn","柔软","róu ruǎn","这条毛毯摸起来很柔软。","8"
"生活发现","217","样子与比较","硬","yìng","坚硬","jiān yìng","乌龟背上有坚硬的壳。","12"
"生活发现","218","样子与比较","轻","qīng","轻轻","qīng qīng","我轻轻关上了房门。","9"
"生活发现","219","生活与科学","重","zhòng","重量","zhòng liàng","天平可以比较物体的重量。","9"
"生活发现","220","每天做的事","满","mǎn","装满","zhuāng mǎn","篮子里装满了红苹果。","13"
"生活发现","221","自然四季","空","kōng","天空","tiān kōng","天空中飘着几朵白云。","8"
"生活发现","222","样子与比较","干","gān","干净","gān jìng","洗过的小手真干净。","3"
"生活发现","223","样子与比较","湿","shī","湿润","shī rùn","雨后的泥土变得湿润了。","12"
"生活发现","224","生活与科学","时","shí","时间","shí jiān","我们约好看书的时间。","7"
"生活发现","225","食物和餐桌","午","wǔ","午饭","wǔ fàn","午饭后我们休息一会儿。","4"
"生活发现","226","生活与科学","半","bàn","一半","yī bàn","我把一半西瓜分给姐姐。","5"
"生活发现","227","把话说完整","刻","kè","立刻","lì kè","听到门铃，小狗立刻跑过来。","8"
"生活发现","228","生活与科学","秒","miǎo","秒针","miǎo zhēn","钟面上的秒针不停地走动。","9"
"生活发现","229","样子与比较","周","zhōu","周末","zhōu mò","周末我和爸爸去散步。","8"
"生活发现","230","家人和朋友","岁","suì","岁数","suì shù","我和表妹的岁数一样大。","6"
"生活发现","231","把话说完整","次","cì","每次","měi cì","每次出门，我都带上水杯。","6"
"生活发现","232","把话说完整","先","xiān","先后","xiān hòu","两辆公交车先后开进车站。","6"
"生活发现","233","把话说完整","刚","gāng","刚才","gāng cái","刚才有只蝴蝶飞进了院子。","6"
"生活发现","234","每天做的事","讲","jiǎng","讲故事","jiǎng gù shì","爸爸每天晚上给我讲故事。","6"
"生活发现","235","幼儿园与校园","问","wèn","问题","wèn tí","不懂的问题可以问老师。","6"
"生活发现","236","幼儿园与校园","答","dá","回答","huí dá","听清问题后，我再举手回答。","12"
"生活发现","237","家人和朋友","认","rèn","认识","rèn shi","我认识住在隔壁的姐姐。","4"
"生活发现","238","生活与科学","记","jì","记得","jì de","出门时记得带上水杯。","5"
"生活发现","239","幼儿园与校园","数","shù","数学","shù xué","数学课上我们认识了数字。","13"
"生活发现","240","食物和餐桌","点","diǎn","点心","diǎn xīn","奶奶准备了好吃的点心。","9"
"生活发现","241","每天做的事","张","zhāng","张开","zhāng kāi","小鸟张开翅膀飞上天空。","7"
"生活发现","242","幼儿园与校园","本","běn","本子","běn zi","我在本子上画了一朵花。","5"
"生活发现","243","幼儿园与校园","页","yè","书页","shū yè","我轻轻翻开书页，接着读故事。","6"
"生活发现","244","幼儿园与校园","句","jù","句子","jù zi","我用这个词写了一个句子。","5"
"生活发现","245","幼儿园与校园","图","tú","图画","tú huà","墙上贴着同学们的图画。","8"
"生活发现","246","故事里的世界","故","gù","故事","gù shì","睡觉前，爸爸给我讲故事。","9"
"生活发现","247","把话说完整","的","de","我的","wǒ de","这是我的小书包。","8"
"生活发现","248","把话说完整","了","le","好了","hǎo le","饭做好了，快来吃吧。","2"
"生活发现","249","把话说完整","是","shì","可是","kě shì","我想去公园，可是外面下雨了。","9"
"生活发现","250","把话说完整","在","zài","正在","zhèng zài","小猫正在窗边晒太阳。","6"
"生活发现","251","样子与比较","有","yǒu","有趣","yǒu qù","这个故事真有趣。","6"
"生活发现","252","把话说完整","不","bù","不要","bù yào","不要把纸屑扔在地上。","4"
"生活发现","253","把话说完整","也","yě","也是","yě shì","小猫也是我们的朋友。","3"
"生活发现","254","把话说完整","都","dōu","都是","dōu shì","这些都是我画的画。","10"
"生活发现","255","感受与相处","和","hé","和好","hé hǎo","两个朋友又和好了。","8"
"生活发现","256","把话说完整","这","zhè","这里","zhè lǐ","这里有一只小猫。","7"
"生活发现","257","把话说完整","那","nà","那里","nà lǐ","那里有一棵大榕树。","6"
"生活发现","258","把话说完整","它","tā","它们","tā men","它们在池塘里游来游去。","5"
"生活发现","259","家人和朋友","她","tā","她们","tā men","她们正在院子里跳绳。","6"
"生活发现","260","家人和朋友","们","men","我们","wǒ men","我们一起把玩具收进箱子。","5"
"生活发现","261","每天做的事","又","yòu","又来","yòu lái","那只小猫今天又来了。","2"
"生活发现","262","把话说完整","还","hái","还有","hái yǒu","篮子里还有两个苹果。","7"
"生活发现","263","把话说完整","再","zài","再次","zài cì","我再次检查书包里有没有水杯。","6"
"生活发现","264","把话说完整","就","jiù","就是","jiù shì","门口的小朋友就是我。","12"
"生活发现","265","把话说完整","才","cái","刚才","gāng cái","刚才飞来了一只蝴蝶。","3"
"生活发现","266","把话说完整","但","dàn","但是","dàn shì","雨停了，但是地还很湿。","7"
"生活发现","267","把话说完整","因","yīn","因为","yīn wèi","因为下雨，我们留在家里。","6"
"生活发现","268","家里的发现","对","duì","对面","duì miàn","奶奶坐在我的对面。","5"
"生活发现","269","家里的发现","把","bǎ","把手","bǎ shǒu","请握住门上的把手。","7"
"生活发现","270","把话说完整","吗","má","干吗","gàn má","你拿着小铲子要干吗？","6"
"生活发现","271","动物伙伴","呢","ní","呢喃","ní nán","小燕子在屋檐下轻声呢喃。","8"
"生活发现","272","把话说完整","吧","ba","好吧","hǎo ba","好吧，我们轮流玩这个玩具。","7"
"生活发现","273","把话说完整","么","me","什么","shén me","你想画什么小动物？","3"
"生活发现","274","把话说完整","什","shén","什么","shén me","你想听什么故事呢？","4"
"生活发现","275","家人和朋友","谁","shuí","谁家","shuí jiā","门口的小猫是谁家的？","10"
"生活发现","276","把话说完整","哪","nǎ","哪里","nǎ lǐ","你把水杯放在哪里了？","9"
"生活发现","277","把话说完整","怎","zěn","怎么","zěn me","这朵纸花是怎么折的？","9"
"生活发现","278","家人和朋友","自","zì","自己","zì jǐ","我能自己穿好鞋子。","6"
"生活发现","279","家人和朋友","己","jǐ","自己","zì jǐ","我会自己穿鞋了。","3"
"生活发现","280","把话说完整","要","yào","需要","xū yào","小花需要阳光和水。","9"
"生活发现","281","感受与相处","想","xiǎng","想念","xiǎng niàn","我很想念远方的奶奶。","13"
"生活发现","282","每天做的事","会","huì","开会","kāi huì","老师们下午要在学校开会。","6"
"生活发现","283","每天做的事","能","néng","能够","néng gòu","小鸟能够飞过那条河。","10"
"生活发现","284","家里的发现","做","zuò","做饭","zuò fàn","爸爸正在厨房里做饭。","11"
"生活发现","285","每天做的事","用","yòng","用力","yòng lì","他用力推开了大门。","5"
"生活发现","286","生活与科学","知","zhī","知道","zhī dào","我知道小猫藏在哪里。","8"
"生活发现","287","每天做的事","懂","dǒng","听懂","tīng dǒng","我听懂了老师讲的故事。","15"
"生活发现","288","每天做的事","试","shì","试试","shì shì","我想试试自己系鞋带。","8"
"生活发现","289","自然四季","太","tài","太阳","tài yáng","清晨的太阳照亮了窗台。","4"
"生活发现","290","食物和餐桌","切","qiè","切菜","qiè cài","爸爸在厨房里切菜。","4"
"生活发现","291","家里的发现","片","piàn","照片","zhào piàn","这张照片里有全家人。","4"
"生活发现","292","动物伙伴","巴","ba","尾巴","wěi ba","松鼠的尾巴又大又蓬松。","4"
"生活发现","293","身体与健康","双","shuāng","双手","shuāng shǒu","我用双手稳稳地捧着水杯。","4"
"生活发现","294","身体与健康","发","fa","头发","tóu fa","妹妹的头发扎成两条辫子。","5"
"生活发现","295","动物伙伴","叫","jiào","叫声","jiào shēng","池塘边传来青蛙的叫声。","5"
"生活发现","296","出行与社区","司","sī","司机","sī jī","司机叔叔提醒大家系好安全带。","5"
"生活发现","297","家里的发现","市","shì","超市","chāo shì","我们去超市买牛奶。","5"
"生活发现","298","幼儿园与校园","卡","kǎ","卡片","kǎ piàn","我给朋友做了一张卡片。","5"
"生活发现","299","食物和餐桌","西","xī","西瓜","xī guā","切开的西瓜露出红红的果肉。","6"
"生活发现","300","样子与比较","色","sè","颜色","yán sè","这些花有不同的颜色。","6"
"词句小伙伴","1","家人和朋友","阿","ā","阿姨","ā yí","邻居阿姨送来了一篮橘子。","7"
"词句小伙伴","2","家人和朋友","孩","hái","孩子","hái zi","孩子们在草地上追泡泡。","9"
"词句小伙伴","3","家人和朋友","客","kè","客人","kè rén","客人来了，我帮忙摆杯子。","9"
"词句小伙伴","4","家人和朋友","伯","bó","伯伯","bó bo","伯伯教我给自行车打气。","7"
"词句小伙伴","5","家人和朋友","宝","bǎo","宝宝","bǎo bao","宝宝抱着小熊睡着了。","8"
"词句小伙伴","6","家人和朋友","见","jiàn","再见","zài jiàn","离开幼儿园时，我向老师说再见。","4"
"词句小伙伴","7","家人和朋友","生","shēng","生日","shēng rì","今天是妹妹的生日。","5"
"词句小伙伴","8","家人和朋友","别","bié","别人","bié rén","拿别人的东西前要先问。","7"
"词句小伙伴","9","家人和朋友","工","gōng","工人","gōng rén","工人正在修理路灯。","3"
"词句小伙伴","10","家人和朋友","俩","liǎ","咱俩","zán liǎ","咱俩一起把玩具收好吧。","9"
"词句小伙伴","11","家人和朋友","警","jǐng","警察","jǐng chá","警察帮助迷路的孩子找家人。","19"
"词句小伙伴","12","家人和朋友","聊","liáo","聊天","liáo tiān","吃过晚饭，我们坐在一起聊天。","11"
"词句小伙伴","13","家人和朋友","孙","sūn","孙子","sūn zi","爷爷带着孙子去公园玩。","6"
"词句小伙伴","14","家人和朋友","居","jū","邻居","lín jū","邻居阿姨送来一篮苹果。","8"
"词句小伙伴","15","家人和朋友","士","shì","护士","hù shì","护士轻轻帮我量体温。","3"
"词句小伙伴","16","家人和朋友","父","fù","父亲","fù qīn","父亲陪我在院子里踢球。","4"
"词句小伙伴","17","家人和朋友","母","mǔ","母亲","mǔ qīn","母亲给孩子讲故事。","5"
"词句小伙伴","18","家人和朋友","民","mín","农民","nóng mín","农民在田里种水稻。","5"
"词句小伙伴","19","家人和朋友","军","jūn","军人","jūn rén","军人正在参加救援。","6"
"词句小伙伴","20","家人和朋友","员","yuán","队员","duì yuán","队员们一起练习传球。","7"
"词句小伙伴","21","家人和朋友","咱","zán","咱们","zán men","咱们一起把这张拼图拼完吧。","9"
"词句小伙伴","22","家人和朋友","妻","qī","妻子","qī zǐ","叔叔和妻子一起照顾孩子。","8"
"词句小伙伴","23","家人和朋友","众","zhòng","观众","guān zhòng","观众为台上的演员鼓掌。","6"
"词句小伙伴","24","家人和朋友","农","nóng","农民","nóng mín","农民在田里种水稻。","6"
"词句小伙伴","25","家人和朋友","邻","lín","邻居","lín jū","邻居阿姨帮我找到了小球。","7"
"词句小伙伴","26","家人和朋友","聚","jù","聚会","jù huì","周末，朋友们来家里聚会。","14"
"词句小伙伴","27","家人和朋友","娘","niáng","姑娘","gū niáng","故事里的小姑娘提着一篮鲜花。","10"
"词句小伙伴","28","家人和朋友","婴","yīng","婴儿","yīng ér","婴儿躺在小床上安静地睡觉。","11"
"词句小伙伴","29","身体与健康","身","shēn","身体","shēn tǐ","睡眠充足对身体有好处。","7"
"词句小伙伴","30","身体与健康","指","zhǐ","手指","shǒu zhǐ","我的手指上沾了一点颜料。","9"
"词句小伙伴","31","身体与健康","甲","jiǎ","指甲","zhǐ jiǎ","指甲长了就要及时修剪。","5"
"词句小伙伴","32","身体与健康","泪","lèi","眼泪","yǎn lèi","妹妹擦干眼泪，慢慢说出原因。","8"
"词句小伙伴","33","身体与健康","股","gǔ","屁股","pì gǔ","小狗坐下时，屁股碰到了水洼。","8"
"词句小伙伴","34","身体与健康","咳","ké","咳嗽","ké sou","咳嗽时用纸巾或手肘遮住口鼻。","9"
"词句小伙伴","35","身体与健康","眉","méi","眉毛","méi máo","镜子里的我挑起了眉毛。","9"
"词句小伙伴","36","身体与健康","胳","gē","胳膊","gē bo","妈妈把毛巾搭在胳膊上。","10"
"词句小伙伴","37","身体与健康","胸","xiōng","胸口","xiōng kǒu","我把双手轻轻放在胸口。","10"
"词句小伙伴","38","身体与健康","睁","zhēng","睁开","zhēng kāi","我睁开眼睛，看见窗外亮了。","11"
"词句小伙伴","39","身体与健康","脖","bó","脖子","bó zi","长颈鹿的脖子很长。","11"
"词句小伙伴","40","身体与健康","个","gè","个子","gè zi","弟弟的个子比去年高了。","3"
"词句小伙伴","41","身体与健康","嗓","sǎng","嗓子","sǎng zi","嗓子不舒服时，少大声喊叫。","13"
"词句小伙伴","42","身体与健康","膊","bo","胳膊","gē bo","我抬起胳膊向朋友招手。","14"
"词句小伙伴","43","身体与健康","欠","qian","哈欠","hā qian","我打了个哈欠，准备去睡觉。","4"
"词句小伙伴","44","身体与健康","烧","shāo","发烧","fā shāo","我发烧了，妈妈带我去看医生。","10"
"词句小伙伴","45","身体与健康","检","jiǎn","检查","jiǎn chá","医生用听诊器检查身体。","11"
"词句小伙伴","46","身体与健康","渴","kě","口渴","kǒu kě","跑步后我觉得口渴。","12"
"词句小伙伴","47","身体与健康","眨","zhǎ","眨眼","zhǎ yǎn","小宝宝看着我轻轻眨眼。","9"
"词句小伙伴","48","身体与健康","卫","wèi","卫生","wèi shēng","饭前洗手是讲卫生的好习惯。","3"
"词句小伙伴","49","身体与健康","拳","quán","拳头","quán tou","弟弟握紧拳头，又慢慢松开。","10"
"词句小伙伴","50","身体与健康","肤","fū","皮肤","pí fū","洗完澡，皮肤干干净净的。","8"
"词句小伙伴","51","身体与健康","掌","zhǎng","手掌","shǒu zhǎng","我把小石头放在手掌上。","12"
"词句小伙伴","52","身体与健康","伤","shāng","受伤","shòu shāng","受伤后要及时告诉大人。","6"
"词句小伙伴","53","身体与健康","额","é","额头","é tóu","妈妈摸了摸我的额头。","15"
"词句小伙伴","54","身体与健康","受","shòu","受伤","shòu shāng","小狗受伤了，需要看医生。","8"
"词句小伙伴","55","身体与健康","屁","pì","放屁","fàng pì","放屁是身体排出气体的方式。","7"
"词句小伙伴","56","身体与健康","针","zhēn","打针","dǎ zhēn","打针时，护士会先消毒。","7"
"词句小伙伴","57","身体与健康","臂","bì","手臂","shǒu bì","我伸开手臂，学小鸟飞。","17"
"词句小伙伴","58","身体与健康","膝","xī","膝盖","xī gài","摔倒后，我的膝盖有点疼。","15"
"词句小伙伴","59","身体与健康","哇","wā","哇哇","wā wā","小宝宝饿得哇哇大哭。","9"
"词句小伙伴","60","身体与健康","力","lì","力气","lì qi","搬箱子需要用点力气。","2"
"词句小伙伴","61","身体与健康","痒","yǎng","发痒","fā yǎng","蚊子叮过的地方有点发痒。","11"
"词句小伙伴","62","身体与健康","呼","hū","呼吸","hū xī","跑步后，我的呼吸变快了。","8"
"词句小伙伴","63","身体与健康","血","xuè","血液","xuè yè","血液在血管里不停地流动。","6"
"词句小伙伴","64","身体与健康","拇","mǔ","拇指","mǔ zhǐ","我竖起拇指，夸你做得好。","8"
"词句小伙伴","65","身体与健康","唇","chún","嘴唇","zuǐ chún","冬天风大，嘴唇容易干。","10"
"词句小伙伴","66","身体与健康","皱","zhòu","皱纹","zhòu wén","爷爷笑起来，眼角有细细的皱纹。","10"
"词句小伙伴","67","身体与健康","骨","gǔ","骨头","gǔ tou","医生用图片讲解人体的骨头。","10"
"词句小伙伴","68","食物和餐桌","条","tiáo","面条","miàn tiáo","妈妈煮了一碗热面条。","7"
"词句小伙伴","69","食物和餐桌","单","dān","菜单","cài dān","妈妈看着菜单选午饭。","8"
"词句小伙伴","70","食物和餐桌","叉","chā","叉子","chā zi","我用叉子叉起一块水果。","3"
"词句小伙伴","71","食物和餐桌","玉","yù","玉米","yù mǐ","煮熟的玉米闻起来很香。","5"
"词句小伙伴","72","食物和餐桌","芒","máng","芒果","máng guǒ","熟透的芒果香香甜甜的。","6"
"词句小伙伴","73","食物和餐桌","串","chuàn","一串","yī chuàn","盘子里放着一串葡萄。","7"
"词句小伙伴","74","食物和餐桌","刺","cì","鱼刺","yú cì","吃鱼时要小心鱼刺。","8"
"词句小伙伴","75","食物和餐桌","茄","qié","茄子","qié zi","奶奶把茄子切成了细条。","8"
"词句小伙伴","76","食物和餐桌","胡","hú","胡萝卜","hú luó bo","小兔抱着一根胡萝卜。","9"
"词句小伙伴","77","食物和餐桌","煮","zhǔ","煮饭","zhǔ fàn","妈妈在厨房里洗米煮饭。","12"
"词句小伙伴","78","食物和餐桌","零","líng","零食","líng shí","吃零食前，我们先把手洗干净。","13"
"词句小伙伴","79","食物和餐桌","腐","fu","豆腐","dòu fu","妈妈把豆腐放进汤里。","14"
"词句小伙伴","80","食物和餐桌","丸","wán","丸子","wán zi","奶奶在汤里放了几颗丸子。","3"
"词句小伙伴","81","食物和餐桌","炒","chǎo","炒菜","chǎo cài","爸爸在厨房里炒菜。","8"
"词句小伙伴","82","食物和餐桌","浆","jiāng","豆浆","dòu jiāng","早餐我喝了一杯豆浆。","10"
"词句小伙伴","83","食物和餐桌","鲜","xiān","新鲜","xīn xiān","今天买的青菜十分新鲜。","14"
"词句小伙伴","84","食物和餐桌","粒","lì","米粒","mǐ lì","桌上落了几颗白白的米粒。","11"
"词句小伙伴","85","食物和餐桌","蔬","shū","蔬菜","shū cài","餐桌上有好几种新鲜蔬菜。","15"
"词句小伙伴","86","食物和餐桌","番","fān","番茄","fān qié","妈妈把番茄切成了小块。","12"
"词句小伙伴","87","食物和餐桌","薯","shǔ","红薯","hóng shǔ","烤熟的红薯散发着甜香。","16"
"词句小伙伴","88","食物和餐桌","辣","là","辣椒","là jiāo","红辣椒挂在厨房的墙上。","14"
"词句小伙伴","89","食物和餐桌","蘑","mó","蘑菇","mó gu","我们不能随便吃野外的蘑菇。","19"
"词句小伙伴","90","食物和餐桌","苦","kǔ","苦瓜","kǔ guā","这盘苦瓜吃起来有点苦。","8"
"词句小伙伴","91","食物和餐桌","芝","zhī","芝麻","zhī má","饼干上撒着香香的芝麻。","6"
"词句小伙伴","92","食物和餐桌","李","lǐ","李子","lǐ zǐ","篮子里的李子又大又圆。","7"
"词句小伙伴","93","食物和餐桌","姜","jiāng","生姜","shēng jiāng","奶奶在鱼汤里放了几片生姜。","9"
"词句小伙伴","94","食物和餐桌","扁","biǎn","扁豆","biǎn dòu","午饭有一盘炒扁豆。","9"
"词句小伙伴","95","食物和餐桌","挂","guà","挂面","guà miàn","爸爸煮了一碗热腾腾的挂面。","9"
"词句小伙伴","96","食物和餐桌","烂","làn","腐烂","fǔ làn","这只苹果已经腐烂，不能吃了。","9"
"词句小伙伴","97","食物和餐桌","核","hé","核桃","hé táo","桌上放着一篮核桃。","10"
"词句小伙伴","98","食物和餐桌","粉","fěn","面粉","miàn fěn","妈妈用面粉做了一盘馒头。","10"
"词句小伙伴","99","食物和餐桌","素","sù","素菜","sù cài","今天的午饭有荤菜，也有素菜。","10"
"词句小伙伴","100","食物和餐桌","啡","fēi","咖啡","kā fēi","爸爸在杯子里倒了一点咖啡。","11"
"词句小伙伴","101","食物和餐桌","淘","táo","淘米","táo mǐ","爸爸淘米后，把米放进电饭锅。","11"
"词句小伙伴","102","动物伙伴","物","wù","动物","dòng wù","观察动物时，不要随便喂食。","8"
"词句小伙伴","103","动物伙伴","金","jīn","金鱼","jīn yú","金鱼摆着尾巴游过来。","8"
"词句小伙伴","104","动物伙伴","青","qīng","青蛙","qīng wā","青蛙蹲在池塘边。","8"
"词句小伙伴","105","动物伙伴","蚊","wén","蚊子","wén zǐ","纱窗能挡住飞来的蚊子。","10"
"词句小伙伴","106","动物伙伴","膀","bǎng","翅膀","chì bǎng","小鸟张开翅膀飞向天空。","14"
"词句小伙伴","107","动物伙伴","蝴","hú","蝴蝶","hú dié","蝴蝶停在黄色的花瓣上。","15"
"词句小伙伴","108","动物伙伴","乌","wū","乌龟","wū guī","乌龟慢慢爬上了石头。","4"
"词句小伙伴","109","动物伙伴","企","qǐ","企鹅","qǐ é","企鹅在冰面上摇摇摆摆地走。","6"
"词句小伙伴","110","动物伙伴","羽","yǔ","羽毛","yǔ máo","孔雀的羽毛有美丽的颜色。","6"
"词句小伙伴","111","动物伙伴","松","sōng","松鼠","sōng shǔ","松鼠抱着松果坐在枝头。","8"
"词句小伙伴","112","动物伙伴","群","qún","一群","yī qún","一群小鸭跟着鸭妈妈游泳。","13"
"词句小伙伴","113","动物伙伴","绵","mián","绵羊","mián yáng","绵羊低着头在草地上吃草。","11"
"词句小伙伴","114","动物伙伴","鸽","gē","鸽子","gē zi","广场上有一群白鸽子。","11"
"词句小伙伴","115","动物伙伴","窝","wō","鸟窝","niǎo wō","大树上有一个圆圆的鸟窝。","12"
"词句小伙伴","116","动物伙伴","汪","wāng","汪汪","wāng wāng","小狗看见主人就汪汪叫。","7"
"词句小伙伴","117","动物伙伴","蟹","xiè","螃蟹","páng xiè","螃蟹在沙滩上横着走。","19"
"词句小伙伴","118","动物伙伴","犬","quǎn","警犬","jǐng quǎn","警犬在训练员身边等待口令。","4"
"词句小伙伴","119","动物伙伴","恐","kǒng","恐龙","kǒng lóng","博物馆里有恐龙骨架模型。","10"
"词句小伙伴","120","动物伙伴","苍","cāng","苍蝇","cāng yíng","苍蝇被纱窗挡在外面。","7"
"词句小伙伴","121","动物伙伴","角","jiǎo","牛角","niú jiǎo","这头牛的牛角向上弯。","7"
"词句小伙伴","122","动物伙伴","骆","luò","骆驼","luò tuó","骆驼的驼峰里储存着脂肪。","9"
"词句小伙伴","123","动物伙伴","鸦","yā","乌鸦","wū yā","乌鸦叼起一颗小石子。","9"
"词句小伙伴","124","动物伙伴","巢","cháo","鸟巢","niǎo cháo","树枝间藏着一个鸟巢。","11"
"词句小伙伴","125","自然四季","声","shēng","声音","shēng yīn","远处传来小鸟的声音。","7"
"词句小伙伴","126","自然四季","林","lín","树林","shù lín","小松鼠在树林里寻找松果。","8"
"词句小伙伴","127","自然四季","坑","kēng","水坑","shuǐ kēng","雨后，路上出现了小水坑。","7"
"词句小伙伴","128","自然四季","枝","zhī","树枝","shù zhī","小鸟停在细细的树枝上。","8"
"词句小伙伴","129","自然四季","气","qì","天气","tiān qì","今天天气好，适合晒被子。","4"
"词句小伙伴","130","自然四季","影","yǐng","影子","yǐng zi","路灯把我的影子拉得长长的。","15"
"词句小伙伴","131","自然四季","浪","làng","海浪","hǎi làng","海浪轻轻拍打着沙滩。","10"
"词句小伙伴","132","自然四季","彩","cǎi","彩虹","cǎi hóng","雨后的天空出现了一道彩虹。","11"
"词句小伙伴","133","自然四季","森","sēn","森林","sēn lín","森林里住着狐狸和松鼠。","12"
"词句小伙伴","134","自然四季","塘","táng","池塘","chí táng","池塘里有小鱼和荷花。","13"
"词句小伙伴","135","自然四季","贝","bèi","贝壳","bèi ké","海滩上有许多漂亮的贝壳。","4"
"词句小伙伴","136","自然四季","刮","guā","刮风","guā fēng","刮风时，树叶沙沙响。","8"
"词句小伙伴","137","自然四季","印","yìn","脚印","jiǎo yìn","雪地里留下了一串脚印。","5"
"词句小伙伴","138","自然四季","落","luò","落叶","luò yè","我捡起一片金黄的落叶。","12"
"词句小伙伴","139","自然四季","种","zhǒng","种子","zhǒng zi","种子在湿润的泥土里发芽。","9"
"词句小伙伴","140","自然四季","晨","chén","早晨","zǎo chén","早晨，小鸟在窗外唱歌。","11"
"词句小伙伴","141","自然四季","柳","liǔ","柳树","liǔ shù","河边的柳树垂下细长的枝条。","9"
"词句小伙伴","142","自然四季","植","zhí","植物","zhí wù","阳台上的植物长出了新叶。","12"
"词句小伙伴","143","自然四季","溪","xī","小溪","xiǎo xī","清清的小溪从树林边流过。","13"
"词句小伙伴","144","自然四季","流","liú","河流","hé liú","这条河流穿过一片森林。","10"
"词句小伙伴","145","自然四季","根","gēn","树根","shù gēn","树根能从土里吸收水分。","10"
"词句小伙伴","146","自然四季","丛","cóng","草丛","cǎo cóng","一只蟋蟀躲进了草丛。","5"
"词句小伙伴","147","自然四季","田","tián","田野","tián yě","春天的田野开满了小花。","5"
"词句小伙伴","148","自然四季","闪","shǎn","闪电","shǎn diàn","远处的闪电照亮了天空。","5"
"词句小伙伴","149","自然四季","池","chí","池塘","chí táng","池塘里的荷花开了。","6"
"词句小伙伴","150","自然四季","阵","zhèn","阵雨","zhèn yǔ","下午下了一场短短的阵雨。","6"
"词句小伙伴","151","自然四季","坛","tán","花坛","huā tán","花坛里开满了五颜六色的花。","7"
"词句小伙伴","152","自然四季","壳","ké","果壳","guǒ ké","吃完核桃，把果壳放进垃圾桶。","7"
"词句小伙伴","153","自然四季","沟","gōu","水沟","shuǐ gōu","雨水沿着水沟流走了。","7"
"词句小伙伴","154","自然四季","坡","pō","山坡","shān pō","山坡上开满了野花。","8"
"词句小伙伴","155","自然四季","岸","àn","河岸","hé àn","我们沿着河岸慢慢散步。","8"
"词句小伙伴","156","自然四季","底","dǐ","海底","hǎi dǐ","海底生活着许多动物。","8"
"词句小伙伴","157","自然四季","枫","fēng","枫叶","fēng yè","秋天的枫叶渐渐变红。","8"
"词句小伙伴","158","自然四季","波","bō","波浪","bō làng","小船随着波浪轻轻摇。","8"
"词句小伙伴","159","自然四季","玫","méi","玫瑰","méi guī","花园里的玫瑰开了。","8"
"词句小伙伴","160","自然四季","苗","miáo","树苗","shù miáo","我们给新种的树苗浇水。","8"
"词句小伙伴","161","自然四季","洋","yáng","海洋","hǎi yáng","海洋里生活着许多动物。","9"
"词句小伙伴","162","自然四季","洞","dòng","山洞","shān dòng","故事里的小熊住在山洞中。","9"
"词句小伙伴","163","自然四季","迹","jì","足迹","zú jì","雪地里留下了一串足迹。","9"
"词句小伙伴","164","自然四季","峰","fēng","山峰","shān fēng","远处的山峰上盖着白雪。","10"
"词句小伙伴","165","自然四季","珠","zhū","水珠","shuǐ zhū","荷叶上滚动着晶亮的水珠。","10"
"词句小伙伴","166","自然四季","笋","sǔn","竹笋","zhú sǔn","春雨过后，竹笋钻出了泥土。","10"
"词句小伙伴","167","自然四季","荷","hé","荷花","hé huā","池塘里的荷花开得正好。","10"
"词句小伙伴","168","自然四季","梅","méi","梅花","méi huā","寒冷的冬天里，梅花开放了。","11"
"词句小伙伴","169","自然四季","梢","shāo","树梢","shù shāo","一只喜鹊落在高高的树梢上。","11"
"词句小伙伴","170","家里的发现","间","jiān","房间","fáng jiān","阳光照进了我的房间。","7"
"词句小伙伴","171","家里的发现","所","suǒ","厕所","cè suǒ","上完厕所要洗手。","8"
"词句小伙伴","172","家里的发现","表","biǎo","手表","shǒu biǎo","爷爷看了看手表上的时间。","8"
"词句小伙伴","173","家里的发现","视","shì","电视","diàn shì","看电视时要离屏幕远一些。","8"
"词句小伙伴","174","家里的发现","区","qū","小区","xiǎo qū","我们小区里有一片小花园。","4"
"词句小伙伴","175","家里的发现","币","bì","硬币","yìng bì","爸爸把硬币收进小盒子。","4"
"词句小伙伴","176","家里的发现","户","hù","窗户","chuāng hù","我打开窗户，让清风吹进来。","4"
"词句小伙伴","177","家里的发现","礼","lǐ","礼物","lǐ wù","我给奶奶做了一份小礼物。","5"
"词句小伙伴","178","家里的发现","吸","xī","吸管","xī guǎn","我用吸管喝了一口牛奶。","6"
"词句小伙伴","179","家里的发现","夹","jiā","夹子","jiā zi","妈妈用夹子夹住湿衣服。","6"
"词句小伙伴","180","家里的发现","围","wéi","围巾","wéi jīn","出门前，我围上柔软的围巾。","7"
"词句小伙伴","181","家里的发现","照","zhào","照片","zhào piàn","这张照片里有我们全家。","13"
"词句小伙伴","182","家里的发现","具","jù","玩具","wán jù","玩完玩具后，要放回原处。","8"
"词句小伙伴","183","家里的发现","抽","chōu","抽屉","chōu tì","我的蜡笔放在抽屉里。","8"
"词句小伙伴","184","家里的发现","拖","tuō","拖地","tuō dì","爸爸拖地，我帮忙搬开小椅子。","8"
"词句小伙伴","185","家里的发现","板","bǎn","木板","mù bǎn","叔叔把木板铺在地上。","8"
"词句小伙伴","186","家里的发现","枕","zhěn","枕头","zhěn tou","我把枕头放在床头。","8"
"词句小伙伴","187","家里的发现","泡","pào","泡泡","pào pào","肥皂泡泡在阳光下闪着彩光。","8"
"词句小伙伴","188","家里的发现","顶","dǐng","屋顶","wū dǐng","小鸟落在红色的屋顶上。","8"
"词句小伙伴","189","家里的发现","管","guǎn","水管","shuǐ guǎn","水管里的水流进了水池。","14"
"词句小伙伴","190","家里的发现","垫","diàn","垫子","diàn zǐ","小猫蜷在软软的垫子上。","9"
"词句小伙伴","191","家里的发现","娃","wá","娃娃","wá wa","妹妹给娃娃盖上小被子。","9"
"词句小伙伴","192","家里的发现","屏","píng","屏幕","píng mù","屏幕上出现了一只小熊。","9"
"词句小伙伴","193","家里的发现","按","àn","按钮","àn niǔ","按下绿色按钮，灯就亮了。","9"
"词句小伙伴","194","家里的发现","架","jià","书架","shū jià","书架最下面一层放着绘本。","9"
"词句小伙伴","195","家里的发现","玻","bō","玻璃","bō lí","雨点打在玻璃窗上。","9"
"词句小伙伴","196","家里的发现","缸","gāng","鱼缸","yú gāng","小金鱼在鱼缸里游来游去。","9"
"词句小伙伴","197","家里的发现","边","biān","旁边","páng biān","小猫趴在椅子旁边。","5"
"词句小伙伴","198","家里的发现","套","tào","手套","shǒu tào","天气冷了，我戴上暖和的手套。","10"
"词句小伙伴","199","家里的发现","积","jī","积木","jī mù","我用积木搭了一座高高的塔。","10"
"词句小伙伴","200","家里的发现","商","shāng","商店","shāng diàn","街角的商店开始营业了。","11"
"词句小伙伴","201","家里的发现","控","kòng","遥控器","yáo kòng qì","爸爸用遥控器关掉电视。","11"
"词句小伙伴","202","家里的发现","梯","tī","楼梯","lóu tī","上下楼梯时要扶好扶手。","11"
"词句小伙伴","203","家里的发现","盖","gài","盖子","gài zi","喝完水要拧紧杯子的盖子。","11"
"词句小伙伴","204","家里的发现","袋","dài","口袋","kǒu dài","我的口袋里有一张纸巾。","11"
"词句小伙伴","205","家里的发现","厨","chú","厨房","chú fáng","厨房里飘来了饭菜香。","12"
"词句小伙伴","206","家里的发现","超","chāo","超市","chāo shì","我们去超市买牛奶。","12"
"词句小伙伴","207","家里的发现","罩","zhào","口罩","kǒu zhào","戴口罩时，要遮住口和鼻。","13"
"词句小伙伴","208","家里的发现","布","bù","抹布","mā bù","我用抹布擦干桌上的水。","5"
"词句小伙伴","209","家里的发现","璃","lí","玻璃","bō lí","雨滴落在窗户的玻璃上。","14"
"词句小伙伴","210","家里的发现","件","jiàn","一件","yī jiàn","椅子上放着一件蓝外套。","6"
"词句小伙伴","211","家里的发现","壁","bì","墙壁","qiáng bì","墙壁上挂着一幅画。","16"
"词句小伙伴","212","家里的发现","相","xiàng","相片","xiàng piàn","相片里有我和爷爷。","9"
"词句小伙伴","213","家里的发现","清","qīng","清水","qīng shuǐ","请用清水洗干净苹果。","11"
"词句小伙伴","214","家里的发现","阶","jiē","台阶","tái jiē","小狗一步步爬上台阶。","6"
"词句小伙伴","215","家里的发现","块","kuài","积木块","jī mù kuài","我用积木块搭了一座桥。","7"
"词句小伙伴","216","家里的发现","卧","wò","卧室","wò shì","我的小床摆在卧室里。","8"
"词句小伙伴","217","家里的发现","扇","shàn","扇子","shàn zi","奶奶手里的扇子画着小花。","10"
"词句小伙伴","218","家里的发现","烛","zhú","蜡烛","là zhú","生日蛋糕上插着五根蜡烛。","10"
"词句小伙伴","219","家里的发现","破","pò","破洞","pò dòng","这只袜子的脚跟有个破洞。","10"
"词句小伙伴","220","家里的发现","铃","líng","铃铛","líng dang","小猫脖子上的铃铛叮当响。","10"
"词句小伙伴","221","家里的发现","末","mò","周末","zhōu mò","周末，我们去公园野餐。","5"
"词句小伙伴","222","家里的发现","棍","gùn","木棍","mù gùn","我捡起木棍，在沙地上画画。","12"
"词句小伙伴","223","家里的发现","棒","bàng","木棒","mù bàng","小狗叼来了一根木棒。","12"
"词句小伙伴","224","家里的发现","漏","lòu","漏水","lòu shuǐ","水桶漏水了，要换一个。","14"
"词句小伙伴","225","家里的发现","蜡","là","蜡烛","là zhú","生日蛋糕上插着五支蜡烛。","14"
"词句小伙伴","226","家里的发现","历","lì","日历","rì lì","我在日历上圈出生日。","4"
"词句小伙伴","227","家里的发现","篮","lán","篮子","lán zi","奶奶提着篮子去买菜。","16"
"词句小伙伴","228","家里的发现","报","bào","报纸","bào zhǐ","爷爷坐在窗边看报纸。","7"
"词句小伙伴","229","家里的发现","线","xiàn","毛线","máo xiàn","奶奶用毛线织围巾。","8"
"词句小伙伴","230","家里的发现","罐","guàn","罐子","guàn zǐ","奶奶用罐子装晒干的豆子。","23"
"词句小伙伴","231","家里的发现","孔","kǒng","小孔","xiǎo kǒng","笛子上有一排圆圆的小孔。","4"
"词句小伙伴","232","家里的发现","斗","dòu","漏斗","lòu dòu","爸爸用漏斗往瓶里装米。","4"
"词句小伙伴","233","家里的发现","册","cè","相册","xiàng cè","妈妈翻开相册给我看。","5"
"词句小伙伴","234","家里的发现","领","lǐng","衣领","yī lǐng","妈妈帮我翻好衣领。","11"
"词句小伙伴","235","家里的发现","尘","chén","灰尘","huī chén","窗台上落了一层灰尘。","6"
"词句小伙伴","236","家里的发现","托","tuō","托盘","tuō pán","服务员用托盘端来两杯水。","6"
"词句小伙伴","237","家里的发现","灰","huī","灰尘","huī chén","姐姐擦掉了桌上的灰尘。","6"
"词句小伙伴","238","家里的发现","挨","āi","挨着","āi zhe","我的小床挨着窗户。","10"
"词句小伙伴","239","家里的发现","装","zhuāng","服装","fú zhuāng","演员穿上了漂亮的服装。","12"
"词句小伙伴","240","家里的发现","戒","jiè","戒指","jiè zhǐ","奶奶把戒指收进小盒子。","7"
"词句小伙伴","241","家里的发现","村","cūn","村庄","cūn zhuāng","山脚下有一个安静的村庄。","7"
"词句小伙伴","242","家里的发现","灶","zào","灶台","zào tái","做完饭，爸爸擦干净了灶台。","7"
"词句小伙伴","243","家里的发现","纱","shā","纱窗","shā chuāng","纱窗能挡住许多小飞虫。","7"
"词句小伙伴","244","家里的发现","钉","dīng","钉子","dīng zi","木板上的钉子要请大人处理。","7"
"词句小伙伴","245","家里的发现","废","fèi","废纸","fèi zhǐ","我们把废纸放进回收箱。","8"
"词句小伙伴","246","家里的发现","枪","qiāng","水枪","shuǐ qiāng","夏天我们用水枪玩喷水游戏。","8"
"词句小伙伴","247","家里的发现","沫","mò","泡沫","pào mò","洗手时，手上搓出了泡沫。","8"
"词句小伙伴","248","家里的发现","环","huán","圆环","yuán huán","我把彩色圆环套在木柱上。","8"
"词句小伙伴","249","家里的发现","衬","chèn","衬衫","chèn shān","爸爸穿着一件蓝色衬衫。","8"
"词句小伙伴","250","家里的发现","内","nèi","室内","shì nèi","下雨时，我们在室内玩。","4"
"词句小伙伴","251","家里的发现","型","xíng","模型","mó xíng","我和爸爸一起拼装飞机模型。","9"
"词句小伙伴","252","家里的发现","柱","zhù","柱子","zhù zi","这几根柱子支撑着屋顶。","9"
"词句小伙伴","253","家里的发现","栏","lán","栏杆","lán gān","小桥两边都有栏杆。","9"
"词句小伙伴","254","家里的发现","砖","zhuān","砖头","zhuān tóu","工人用砖头砌起一面墙。","9"
"词句小伙伴","255","家里的发现","项","xiàng","项链","xiàng liàn","奶奶把项链放进小盒子。","9"
"词句小伙伴","256","家里的发现","席","xí","凉席","liáng xí","奶奶把凉席铺在床上。","10"
"词句小伙伴","257","家里的发现","烤","kǎo","烤箱","kǎo xiāng","烤箱里正在烤面包。","10"
"词句小伙伴","258","幼儿园与校园","位","wèi","座位","zuò wèi","请在自己的座位坐好。","7"
"词句小伙伴","259","幼儿园与校园","举","jǔ","举手","jǔ shǒu","想回答问题时请举手。","9"
"词句小伙伴","260","幼儿园与校园","尺","chǐ","尺子","chǐ zi","我用尺子量铅笔的长度。","4"
"词句小伙伴","261","幼儿园与校园","格","gé","格子","gé zi","我在格子里画了一朵花。","10"
"词句小伙伴","262","幼儿园与校园","幼","yòu","幼儿园","yòu ér yuán","我在幼儿园认识了许多朋友。","5"
"词句小伙伴","263","幼儿园与校园","绘","huì","绘本","huì běn","睡前我们一起读绘本。","9"
"词句小伙伴","264","幼儿园与校园","胶","jiāo","胶水","jiāo shuǐ","我用胶水粘好纸盒。","10"
"词句小伙伴","265","幼儿园与校园","铅","qiān","铅笔","qiān bǐ","我用铅笔在纸上画了一条鱼。","10"
"词句小伙伴","266","幼儿园与校园","习","xí","学习","xué xí","我正在学习怎样系鞋带。","3"
"词句小伙伴","267","幼儿园与校园","橡","xiàng","橡皮","xiàng pí","我用橡皮擦去了写错的字。","15"
"词句小伙伴","268","幼儿园与校园","操","cāo","早操","zǎo cāo","我们跟着音乐做早操。","16"
"词句小伙伴","269","幼儿园与校园","练","liàn","练习","liàn xí","每天练习一会儿，画画就更熟练。","8"
"词句小伙伴","270","幼儿园与校园","翻","fān","翻书","fān shū","翻书时要轻轻捏住书页。","18"
"词句小伙伴","271","幼儿园与校园","旧","jiù","旧书","jiù shū","我把旧书整理得很整齐。","5"
"词句小伙伴","272","幼儿园与校园","教","jiào","教室","jiào shì","教室里传来读书声。","11"
"词句小伙伴","273","幼儿园与校园","赛","sài","比赛","bǐ sài","今天的跳绳比赛很热闹。","14"
"词句小伙伴","274","幼儿园与校园","圈","quān","圆圈","yuán quān","我在纸上画了一个圆圈。","11"
"词句小伙伴","275","幼儿园与校园","文","wén","文字","wén zì","书页上的文字记录着故事。","4"
"词句小伙伴","276","幼儿园与校园","馆","guǎn","图书馆","tú shū guǎn","图书馆里有我喜欢的绘本。","11"
"词句小伙伴","277","幼儿园与校园","作","zuò","作业","zuò yè","姐姐写完作业去跳绳。","7"
"词句小伙伴","278","幼儿园与校园","假","jià","放假","fàng jià","放假时我去看望外婆。","11"
"词句小伙伴","279","幼儿园与校园","尖","jiān","笔尖","bǐ jiān","铅笔的笔尖不能对着别人。","6"
"词句小伙伴","280","幼儿园与校园","题","tí","题目","tí mù","老师把题目写在了黑板上。","15"
"词句小伙伴","281","幼儿园与校园","典","diǎn","字典","zì diǎn","不认识的字可以查字典。","8"
"词句小伙伴","282","幼儿园与校园","反","fǎn","反面","fǎn miàn","请把纸翻到反面。","4"
"词句小伙伴","283","幼儿园与校园","奖","jiǎng","奖状","jiǎng zhuàng","姐姐把奖状贴在墙上。","9"
"词句小伙伴","284","幼儿园与校园","借","jiè","借书","jiè shū","我每周去图书馆借书。","10"
"词句小伙伴","285","幼儿园与校园","哨","shào","口哨","kǒu shào","体育老师吹响了口哨。","10"
"词句小伙伴","286","幼儿园与校园","屑","xiè","纸屑","zhǐ xiè","剪纸后，请收拾桌上的纸屑。","10"
"词句小伙伴","287","幼儿园与校园","料","liào","材料","cái liào","做手工的材料放在盒子里。","10"
"词句小伙伴","288","幼儿园与校园","廊","láng","走廊","zǒu láng","走廊尽头有一扇窗户。","11"
"词句小伙伴","289","出行与社区","场","chǎng","广场","guǎng chǎng","广场上有人在放风筝。","6"
"词句小伙伴","290","出行与社区","座","zuò","座位","zuò wèi","找到座位后，我系好安全带。","10"
"词句小伙伴","291","出行与社区","轿","jiào","轿车","jiào chē","一辆蓝色轿车停在路边。","10"
"词句小伙伴","292","出行与社区","堵","dǔ","堵车","dǔ chē","前面堵车了，公交车停下来。","11"
"词句小伙伴","293","出行与社区","叭","ba","喇叭","lǎ ba","汽车喇叭响了一声。","5"
"词句小伙伴","294","出行与社区","划","huá","划船","huá chuán","爸爸穿好救生衣再去划船。","6"
"词句小伙伴","295","出行与社区","道","dào","道路","dào lù","这条道路通向小山村。","12"
"词句小伙伴","296","出行与社区","喷","pēn","喷泉","pēn quán","广场上的喷泉喷出细细的水花。","12"
"词句小伙伴","297","出行与社区","往","wǎng","往前","wǎng qián","沿着小路往前走就到了。","8"
"词句小伙伴","298","出行与社区","城","chéng","城市","chéng shì","这座城市有许多公园。","9"
"词句小伙伴","299","出行与社区","安","ān","安全","ān quán","过马路要注意安全。","6"
"词句小伙伴","300","出行与社区","通","tōng","通过","tōng guò","我们排好队，慢慢通过小桥。","10"
"词句小伙伴","301","出行与社区","运","yùn","运送","yùn sòng","卡车把水果运送到市场。","7"
"词句小伙伴","302","出行与社区","迷","mí","迷路","mí lù","迷路时，要找警察帮忙。","9"
"词句小伙伴","303","出行与社区","列","liè","列车","liè chē","列车沿着铁轨驶向远方。","6"
"词句小伙伴","304","出行与社区","吊","diào","吊车","diào chē","工地上的吊车吊起钢梁。","6"
"词句小伙伴","305","出行与社区","轨","guǐ","铁轨","tiě guǐ","火车沿着铁轨向前行驶。","6"
"词句小伙伴","306","出行与社区","旅","lǚ","旅行","lǚ xíng","暑假，我们坐火车去旅行。","10"
"词句小伙伴","307","出行与社区","帐","zhàng","帐篷","zhàng péng","我们在营地里搭起帐篷。","7"
"词句小伙伴","308","出行与社区","向","xiàng","方向","fāng xiàng","小河朝着大海的方向流去。","6"
"词句小伙伴","309","出行与社区","近","jìn","附近","fù jìn","我家附近有一家面包店。","7"
"词句小伙伴","310","出行与社区","派","pài","派出所","pài chū suǒ","迷路后，我们到派出所求助。","9"
"词句小伙伴","311","出行与社区","胎","tāi","轮胎","lún tāi","汽车的轮胎上有一道道花纹。","9"
"词句小伙伴","312","出行与社区","经","jīng","经过","jīng guò","去公园要经过一座小桥。","8"
"词句小伙伴","313","出行与社区","铁","tiě","铁轨","tiě guǐ","火车沿着铁轨向前行驶。","10"
"词句小伙伴","314","出行与社区","达","dá","到达","dào dá","火车准时到达车站。","6"
"词句小伙伴","315","出行与社区","厢","xiāng","车厢","chē xiāng","火车的车厢里坐满了旅客。","11"
"词句小伙伴","316","每天做的事","话","huà","说话","shuō huà","图书馆里要轻声说话。","8"
"词句小伙伴","317","每天做的事","升","shēng","升高","shēng gāo","风筝随着风慢慢升高。","4"
"词句小伙伴","318","每天做的事","起","qǐ","起床","qǐ chuáng","每天起床后，我先穿好衣服。","10"
"词句小伙伴","319","每天做的事","扫","sǎo","扫地","sǎo dì","我拿起小扫帚帮忙扫地。","6"
"词句小伙伴","320","每天做的事","伸","shēn","伸手","shēn shǒu","我伸手接住飘落的树叶。","7"
"词句小伙伴","321","每天做的事","吵","chǎo","吵闹","chǎo nào","图书馆里不要大声吵闹。","7"
"词句小伙伴","322","每天做的事","抓","zhuā","抓住","zhuā zhù","我伸手抓住了飘落的树叶。","7"
"词句小伙伴","323","每天做的事","抬","tái","抬头","tái tóu","我抬头看见一朵像小羊的云。","8"
"词句小伙伴","324","每天做的事","拥","yōng","拥抱","yōng bào","回到家，我给妈妈一个拥抱。","8"
"词句小伙伴","325","每天做的事","泳","yǒng","游泳","yóu yǒng","我在教练的指导下学习游泳。","8"
"词句小伙伴","326","每天做的事","咬","yǎo","咬住","yǎo zhù","小狗咬住玩具球不肯松口。","9"
"词句小伙伴","327","每天做的事","拾","shí","收拾","shōu shí","睡觉前，我把玩具收拾好。","9"
"词句小伙伴","328","每天做的事","挡","dǎng","挡住","dǎng zhù","大树挡住了午后的阳光。","9"
"词句小伙伴","329","每天做的事","挥","huī","挥手","huī shǒu","我站在门口挥手说再见。","9"
"词句小伙伴","330","每天做的事","退","tuì","后退","hòu tuì","请后退一步，给车门留出空间。","9"
"词句小伙伴","331","每天做的事","倒","dào","倒水","dào shuǐ","爸爸拿起水壶给大家倒水。","10"
"词句小伙伴","332","每天做的事","动","dòng","运动","yùn dòng","每天运动让身体更健康。","6"
"词句小伙伴","333","每天做的事","交","jiāo","交给","jiāo gěi","我把捡到的钥匙交给老师。","6"
"词句小伙伴","334","每天做的事","绳","shéng","跳绳","tiào shéng","我每天在院子里练习跳绳。","11"
"词句小伙伴","335","每天做的事","步","bù","散步","sàn bù","晚饭后，我们去河边散步。","7"
"词句小伙伴","336","每天做的事","诉","sù","告诉","gào sù","请告诉我你的名字。","7"
"词句小伙伴","337","每天做的事","叠","dié","叠好","dié hǎo","我把小毯子叠好放在床边。","13"
"词句小伙伴","338","每天做的事","腰","yāo","弯腰","wān yāo","我弯腰捡起掉在地上的笔。","13"
"词句小伙伴","339","每天做的事","觉","jiào","睡觉","shuì jiào","睡觉前我会刷牙洗脸。","9"
"词句小伙伴","340","每天做的事","敲","qiāo","敲门","qiāo mén","进别人房间前要先敲门。","14"
"词句小伙伴","341","每天做的事","离","lí","离开","lí kāi","离开房间前，请把灯关好。","10"
"词句小伙伴","342","每天做的事","付","fù","付钱","fù qián","买完东西要记得付钱。","5"
"词句小伙伴","343","每天做的事","着","zhe","看着","kàn zhe","小猫看着窗外的小鸟。","11"
"词句小伙伴","344","每天做的事","理","lǐ","整理","zhěng lǐ","我把书包整理好了。","11"
"词句小伙伴","345","每天做的事","丢","diū","丢掉","diū diào","不要随手丢掉还能用的纸。","6"
"词句小伙伴","346","每天做的事","休","xiū","休息","xiū xi","跑累了，就坐下来休息一会儿。","6"
"词句小伙伴","347","每天做的事","忙","máng","帮忙","bāng máng","我帮忙把碗筷摆上桌。","6"
"词句小伙伴","348","每天做的事","戏","xì","游戏","yóu xì","我们在树下玩拍手游戏。","6"
"词句小伙伴","349","每天做的事","弄","nòng","弄湿","nòng shī","洗手时，我不小心弄湿了袖口。","7"
"词句小伙伴","350","每天做的事","招","zhāo","招手","zhāo shǒu","我向远处的朋友招手。","8"
"词句小伙伴","351","每天做的事","待","dài","等待","děng dài","我们在车站等待公交车。","9"
"词句小伙伴","352","每天做的事","挑","tiāo","挑选","tiāo xuǎn","我挑选了一本喜欢的绘本。","9"
"词句小伙伴","353","每天做的事","浇","jiāo","浇水","jiāo shuǐ","早晨，我给小花浇水。","9"
"词句小伙伴","354","每天做的事","炼","liàn","锻炼","duàn liàn","爷爷每天早上锻炼身体。","9"
"词句小伙伴","355","每天做的事","蹲","dūn","蹲下","dūn xià","我蹲下来看地上的小蚂蚁。","19"
"词句小伙伴","356","每天做的事","冲","chōng","冲洗","chōng xǐ","妈妈用清水冲洗蔬菜。","6"
"词句小伙伴","357","每天做的事","压","yā","压扁","yā biǎn","我把一团橡皮泥轻轻压扁。","6"
"词句小伙伴","358","每天做的事","吐","tǔ","吐泡泡","tǔ pào pào","小鱼在水里吐泡泡。","6"
"词句小伙伴","359","每天做的事","息","xi","休息","xiū xi","玩累了，我们坐下来休息。","10"
"词句小伙伴","360","每天做的事","晒","shài","晒干","shài gān","妈妈把洗好的衣服晒干。","10"
"词句小伙伴","361","每天做的事","顾","gù","照顾","zhào gù","姐姐帮忙照顾生病的弟弟。","10"
"词句小伙伴","362","每天做的事","告","gào","告诉","gào sù","请告诉我你的名字。","7"
"词句小伙伴","363","每天做的事","识","shi","认识","rèn shi","我认识门口那位老师。","7"
"词句小伙伴","364","每天做的事","游","yóu","游泳","yóu yǒng","学游泳时要有大人照看。","12"
"词句小伙伴","365","每天做的事","冒","mào","冒泡","mào pào","锅里的水烧热后开始冒泡。","9"
"词句小伙伴","366","每天做的事","挖","wā","挖土","wā tǔ","种树前，大人先用铁锹挖土。","9"
"词句小伙伴","367","每天做的事","洒","sǎ","洒水","sǎ shuǐ","爷爷提着小壶给花洒水。","9"
"词句小伙伴","368","每天做的事","耍","shuǎ","玩耍","wán shuǎ","小狗和小猫在草地上玩耍。","9"
"词句小伙伴","369","每天做的事","荡","dàng","荡秋千","dàng qiū qiān","妹妹在公园里荡秋千。","9"
"词句小伙伴","370","每天做的事","碰","pèng","碰到","pèng dào","我在公园碰到了好朋友。","13"
"词句小伙伴","371","每天做的事","鼓","gǔ","鼓掌","gǔ zhǎng","表演结束后，大家一起鼓掌。","13"
"词句小伙伴","372","每天做的事","剥","bāo","剥皮","bāo pí","吃香蕉前要先剥皮。","10"
"词句小伙伴","373","每天做的事","摔","shuāi","摔倒","shuāi dǎo","弟弟跑得太快摔倒了。","14"
"词句小伙伴","374","每天做的事","舞","wǔ","跳舞","tiào wǔ","妹妹跟着音乐快乐地跳舞。","14"
"词句小伙伴","375","每天做的事","捧","pěng","捧起","pěng qǐ","我用双手捧起那本厚厚的书。","11"
"词句小伙伴","376","每天做的事","掀","xiān","掀开","xiān kāi","我掀开被子，准备起床。","11"
"词句小伙伴","377","每天做的事","躺","tǎng","躺下","tǎng xià","我躺下听妈妈讲故事。","15"
"词句小伙伴","378","每天做的事","靠","kào","靠近","kào jìn","小猫轻轻靠近我的脚边。","15"
"词句小伙伴","379","每天做的事","握","wò","握手","wò shǒu","比赛结束后，两位选手互相握手。","12"
"词句小伙伴","380","每天做的事","跌","diē","跌倒","diē dǎo","跑步跌倒后，先看看有没有受伤。","12"
"词句小伙伴","381","每天做的事","摸","mō","抚摸","fǔ mō","我轻轻抚摸小猫的背。","13"
"词句小伙伴","382","每天做的事","躲","duǒ","躲雨","duǒ yǔ","我们到屋檐下面躲雨。","13"
"词句小伙伴","383","每天做的事","助","zhù","帮助","bāng zhù","我帮助弟弟收拾玩具。","7"
"词句小伙伴","384","每天做的事","撑","chēng","撑伞","chēng sǎn","下雨了，爸爸撑伞来接我。","15"
"词句小伙伴","385","每天做的事","撕","sī","撕开","sī kāi","我把旧报纸撕开，拿来做手工。","15"
"词句小伙伴","386","每天做的事","踏","tà","踏步","tà bù","大家跟着节拍原地踏步。","15"
"词句小伙伴","387","每天做的事","踩","cǎi","踩踏","cǎi tà","请不要踩踏花坛里的小草。","15"
"词句小伙伴","388","每天做的事","使","shǐ","使用","shǐ yòng","使用剪刀时要注意安全。","8"
"词句小伙伴","389","每天做的事","赶","gǎn","赶快","gǎn kuài","快下雨了，我们赶快回家。","10"
"词句小伙伴","390","每天做的事","止","zhǐ","停止","tíng zhǐ","红灯亮了，汽车停止前进。","4"
"词句小伙伴","391","每天做的事","拔","bá","拔萝卜","bá luó bo","小兔和朋友一起拔萝卜。","8"
"词句小伙伴","392","每天做的事","留","liú","留下","liú xià","小猫在沙地上留下脚印。","10"
"词句小伙伴","393","每天做的事","系","jì","系鞋带","jì xié dài","哥哥蹲下来系鞋带。","7"
"词句小伙伴","394","每天做的事","追","zhuī","追赶","zhuī gǎn","小狗在草地上追赶皮球。","9"
"词句小伙伴","395","每天做的事","猜","cāi","猜谜","cāi mí","晚饭后，我们一起猜谜。","11"
"词句小伙伴","396","每天做的事","卖","mài","卖菜","mài cài","叔叔在市场里卖菜。","8"
"词句小伙伴","397","每天做的事","断","duàn","断开","duàn kāi","两节玩具车厢断开了。","11"
"词句小伙伴","398","每天做的事","越","yuè","越过","yuè guò","小鹿轻轻越过一条小沟。","12"
"词句小伙伴","399","每天做的事","吻","wěn","亲吻","qīn wěn","睡前，妈妈轻轻亲吻我的额头。","7"
"词句小伙伴","400","每天做的事","忘","wàng","忘记","wàng jì","我忘记把水杯放进书包了。","7"
"词句小伙伴","401","每天做的事","扭","niǔ","扭动","niǔ dòng","小鱼扭动身体，游进水草里。","7"
"词句小伙伴","402","每天做的事","扯","chě","拉扯","lā chě","别拉扯书页，纸会破的。","7"
"词句小伙伴","403","每天做的事","投","tóu","投篮","tóu lán","哥哥在球场上练习投篮。","7"
"词句小伙伴","404","每天做的事","抚","fǔ","抚摸","fǔ mō","妈妈轻轻抚摸我的头。","7"
"词句小伙伴","405","每天做的事","成","chéng","完成","wán chéng","我已经完成今天的作业。","6"
"词句小伙伴","406","每天做的事","披","pī","披上","pī shàng","出门前，奶奶披上了一件外套。","8"
"词句小伙伴","407","每天做的事","拨","bō","拨打","bō dǎ","妈妈用手机拨打电话。","8"
"词句小伙伴","408","每天做的事","注","zhù","注意","zhù yì","走路时，要注意脚下的台阶。","8"
"词句小伙伴","409","每天做的事","完","wán","完成","wán chéng","我和姐姐一起完成拼图。","7"
"词句小伙伴","410","每天做的事","遇","yù","遇见","yù jiàn","我在书店遇见了同学。","12"
"词句小伙伴","411","每天做的事","修","xiū","修理","xiū lǐ","叔叔正在修理坏掉的自行车。","9"
"词句小伙伴","412","每天做的事","挪","nuó","挪动","nuó dòng","请把椅子往旁边挪动一点。","9"
"词句小伙伴","413","每天做的事","逃","táo","逃跑","táo pǎo","小兔看见狐狸，赶紧逃跑。","9"
"词句小伙伴","414","每天做的事","除","chú","除草","chú cǎo","爷爷在菜园里除草。","9"
"词句小伙伴","415","每天做的事","始","shǐ","开始","kāi shǐ","音乐响起，演出开始了。","8"
"词句小伙伴","416","每天做的事","展","zhǎn","展开","zhǎn kāi","我把折好的地图展开在桌上。","10"
"词句小伙伴","417","每天做的事","挽","wǎn","挽起","wǎn qǐ","洗手前，我先挽起袖子。","10"
"词句小伙伴","418","每天做的事","捏","niē","捏紧","niē jǐn","我捏紧袋口，不让豆子掉出来。","10"
"词句小伙伴","419","每天做的事","浸","jìn","浸泡","jìn pào","奶奶把黄豆放进水里浸泡。","10"
"词句小伙伴","420","每天做的事","砸","zá","砸坏","zá huài","掉下来的花盆砸坏了木箱。","10"
"词句小伙伴","421","每天做的事","保","bǎo","保护","bǎo hù","我们要保护河边的小树。","9"
"词句小伙伴","422","每天做的事","选","xuǎn","选择","xuǎn zé","你可以选择喜欢的颜色。","9"
"词句小伙伴","423","每天做的事","介","jiè","介绍","jiè shào","我向大家介绍我的新朋友。","4"
"词句小伙伴","424","每天做的事","传","chuán","传球","chuán qiú","哥哥转身传球，妹妹稳稳接住。","6"
"词句小伙伴","425","每天做的事","观","guān","参观","cān guān","周末我们去参观博物馆。","6"
"词句小伙伴","426","每天做的事","争","zhēng","争吵","zhēng chǎo","有不同想法时先别争吵。","6"
"词句小伙伴","427","每天做的事","掉","diào","掉落","diào luò","一片黄叶从树上掉落。","11"
"词句小伙伴","428","样子与比较","齐","qí","整齐","zhěng qí","小朋友把鞋子摆得很整齐。","6"
"词句小伙伴","429","样子与比较","闹","nào","热闹","rè nào","节日的街上十分热闹。","8"
"词句小伙伴","430","样子与比较","凉","liáng","凉快","liáng kuai","坐在树荫下真凉快。","10"
"词句小伙伴","431","样子与比较","旁","páng","旁边","páng biān","我的书包放在椅子旁边。","10"
"词句小伙伴","432","样子与比较","臭","chòu","臭味","chòu wèi","垃圾桶里飘出一股臭味。","10"
"词句小伙伴","433","样子与比较","纹","wén","花纹","huā wén","蝴蝶的翅膀上有美丽的花纹。","7"
"词句小伙伴","434","样子与比较","整","zhěng","整齐","zhěng qí","桌上的彩笔摆得很整齐。","16"
"词句小伙伴","435","样子与比较","每","měi","每天","měi tiān","我每天早晚都刷牙。","7"
"词句小伙伴","436","样子与比较","丽","lì","美丽","měi lì","春天的花园十分美丽。","7"
"词句小伙伴","437","样子与比较","剩","shèng","剩下","shèng xià","盘子里还剩下两块饼干。","12"
"词句小伙伴","438","样子与比较","暖","nuǎn","暖和","nuǎn huo","穿上棉衣就暖和多了。","13"
"词句小伙伴","439","样子与比较","很","hěn","很多","hěn duō","雨后，草地上长出了很多蘑菇。","9"
"词句小伙伴","440","样子与比较","漂","piào","漂亮","piào liang","你画的小花真漂亮。","14"
"词句小伙伴","441","样子与比较","啦","lā","哗啦","huā lā","哗啦一声，积木全倒了。","11"
"词句小伙伴","442","样子与比较","样","yàng","一样","yī yàng","这两朵小花的颜色一样。","10"
"词句小伙伴","443","样子与比较","颜","yán","颜色","yán sè","你最喜欢哪一种颜色？","15"
"词句小伙伴","444","样子与比较","细","xì","仔细","zǐ xì","出门前，我仔细检查书包。","8"
"词句小伙伴","445","样子与比较","静","jìng","安静","ān jìng","小宝宝睡着了，请保持安静。","14"
"词句小伙伴","446","样子与比较","状","zhuàng","形状","xíng zhuàng","这片叶子的形状像一把小扇子。","7"
"词句小伙伴","447","样子与比较","柔","róu","柔软","róu ruǎn","这条毛毯摸起来很柔软。","9"
"词句小伙伴","448","样子与比较","悄","qiāo","悄悄","qiāo qiāo","我悄悄关上门，免得吵醒妹妹。","10"
"词句小伙伴","449","样子与比较","危","wēi","危险","wēi xiǎn","在马路上追逐很危险。","6"
"词句小伙伴","450","样子与比较","扬","yáng","飘扬","piāo yáng","红旗在微风中轻轻飘扬。","6"
"词句小伙伴","451","样子与比较","温","wēn","温暖","wēn nuǎn","晒着太阳，身上很温暖。","12"
"词句小伙伴","452","样子与比较","响","xiǎng","响亮","xiǎng liàng","操场上传来响亮的歌声。","9"
"词句小伙伴","453","样子与比较","奇","qí","奇怪","qí guài","这块石头的形状真奇怪。","8"
"词句小伙伴","454","样子与比较","案","àn","图案","tú àn","杯子上画着小鱼图案。","10"
"词句小伙伴","455","样子与比较","艳","yàn","鲜艳","xiān yàn","花坛里开着鲜艳的花朵。","10"
"词句小伙伴","456","样子与比较","神","shén","精神","jīng shén","睡足了觉，白天更有精神。","9"
"词句小伙伴","457","样子与比较","并","bìng","并排","bìng pái","两把小椅子并排放着。","6"
"词句小伙伴","458","把话说完整","几","jǐ","几个","jǐ gè","桌上放着几个小碗。","2"
"词句小伙伴","459","把话说完整","些","xiē","一些","yī xiē","篮子里还有一些苹果。","8"
"词句小伙伴","460","把话说完整","候","hòu","时候","shí hòu","吃饭的时候要坐好。","10"
"词句小伙伴","461","把话说完整","以","yǐ","可以","kě yǐ","吃完饭可以去散步。","4"
"词句小伙伴","462","把话说完整","昨","zuó","昨天","zuó tiān","昨天我们一起去公园放风筝。","9"
"词句小伙伴","463","把话说完整","可","kě","可以","kě yǐ","我可以和你一起玩吗？","5"
"词句小伙伴","464","把话说完整","正","zhèng","正在","zhèng zài","奶奶正在阳台上浇花。","5"
"词句小伙伴","465","把话说完整","没","méi","没有","méi yǒu","盒子里没有蜡笔。","7"
"词句小伙伴","466","把话说完整","应","yīng","应该","yīng gāi","我们应该爱护花草。","7"
"词句小伙伴","467","把话说完整","现","xiàn","现在","xiàn zài","现在轮到你来讲故事了。","8"
"词句小伙伴","468","把话说完整","之","zhī","之间","zhī jiān","两棵树之间有一张长椅。","3"
"词句小伙伴","469","把话说完整","原","yuán","原来","yuán lái","原来小猫躲在沙发下面。","10"
"词句小伙伴","470","把话说完整","然","rán","然后","rán hòu","先洗干净手，然后再吃饭。","12"
"词句小伙伴","471","把话说完整","需","xū","需要","xū yào","小树生长需要阳光和水。","14"
"词句小伙伴","472","感受与相处","兴","xìng","高兴","gāo xìng","见到好朋友，我很高兴。","6"
"词句小伙伴","473","感受与相处","哈","hā","哈哈","hā hā","听完笑话，大家哈哈大笑。","9"
"词句小伙伴","474","感受与相处","加","jiā","加油","jiā yóu","大家为跑步的小明加油。","5"
"词句小伙伴","475","感受与相处","舒","shū","舒服","shū fú","躺在软软的床上真舒服。","12"
"词句小伙伴","476","感受与相处","微","wēi","微笑","wēi xiào","老师微笑着向我们招手。","13"
"词句小伙伴","477","感受与相处","吓","xià","吓一跳","xià yī tiào","突然的雷声让我吓一跳。","6"
"词句小伙伴","478","感受与相处","夸","kuā","夸奖","kuā jiǎng","老师夸奖我把桌子擦得很干净。","6"
"词句小伙伴","479","感受与相处","最","zuì","最爱","zuì ài","我最爱吃甜甜的西瓜。","12"
"词句小伙伴","480","感受与相处","呀","yā","哎呀","āi yā","哎呀，我的帽子被风吹跑了！","7"
"词句小伙伴","481","感受与相处","哎","āi","哎呀","āi yā","哎呀，我的帽子被风吹跑了！","8"
"词句小伙伴","482","感受与相处","担","dān","担心","dān xīn","天快黑了，妈妈担心我迷路。","8"
"词句小伙伴","483","感受与相处","害","hài","害怕","hài pà","我害怕打雷，就抱住了妈妈。","10"
"词句小伙伴","484","感受与相处","哟","yō","哎哟","āi yō","哎哟，我的脚趾碰到桌腿了！","9"
"词句小伙伴","485","感受与相处","嘻","xī","笑嘻嘻","xiào xī xī","妹妹笑嘻嘻地跑进屋里。","15"
"词句小伙伴","486","故事里的世界","冠","guān","皇冠","huáng guān","绘本里的国王戴着皇冠。","9"
"词句小伙伴","487","生活与科学","形","xíng","圆形","yuán xíng","我把圆形积木放进盒子。","7"
"词句小伙伴","488","生活与科学","音","yīn","声音","shēng yīn","窗外传来小鸟的声音。","9"
"词句小伙伴","489","生活与科学","码","mǎ","号码","hào mǎ","队员的衣服上印着号码。","8"
"词句小伙伴","490","生活与科学","国","guó","中国","zhōng guó","中国有许多美丽的山川。","8"
"词句小伙伴","491","文化与社会","演","yǎn","表演","biǎo yǎn","小朋友在台上表演节目。","14"
"词句小伙伴","492","文化与社会","旗","qí","国旗","guó qí","我们在操场上看国旗升起。","14"
"词句小伙伴","493","文化与社会","歌","gē","唱歌","chàng gē","我们一边拍手一边唱歌。","14"
"词句小伙伴","494","文化与社会","贺","hè","贺卡","hè kǎ","我给奶奶做了一张贺卡。","9"
"词句小伙伴","495","文化与社会","新","xīn","新年","xīn nián","新年到了，我们互相祝福。","13"
"词句小伙伴","496","文化与社会","蹈","dǎo","舞蹈","wǔ dǎo","姐姐正在练习新的舞蹈。","17"
"词句小伙伴","497","文化与社会","炮","pào","鞭炮","biān pào","过年时，远处响起鞭炮声。","9"
"词句小伙伴","498","文化与社会","钢","gāng","钢琴","gāng qín","姐姐正在练习弹钢琴。","9"
"词句小伙伴","499","文化与社会","偶","ǒu","木偶","mù ǒu","木偶在演员手里转了个圈。","11"
"词句小伙伴","500","文化与社会","弹","tán","弹琴","tán qín","姐姐每天练习弹琴。","11"
"阅读小探险","1","家人和朋友","享","xiǎng","分享","fēn xiǎng","我把有趣的故事分享给朋友。","8"
"阅读小探险","2","家人和朋友","傅","fu","师傅","shī fu","修车师傅检查了轮胎。","12"
"阅读小探险","3","家人和朋友","姓","xìng","姓名","xìng míng","请在本子封面写上姓名。","8"
"阅读小探险","4","家人和朋友","兄","xiōng","兄弟","xiōng dì","这对兄弟一起照顾小狗。","5"
"阅读小探险","5","家人和朋友","庭","tíng","家庭","jiā tíng","我们家庭的成员互相关心。","9"
"阅读小探险","6","家人和朋友","伍","wu","队伍","duì wu","参观时，我们跟紧前面的队伍。","6"
"阅读小探险","7","家人和朋友","怀","huái","怀抱","huái bào","小宝宝在妈妈的怀抱里睡着了。","7"
"阅读小探险","8","家人和朋友","志","zhì","志愿者","zhì yuàn zhě","志愿者帮游客指路。","7"
"阅读小探险","9","家人和朋友","主","zhǔ","主人","zhǔ rén","小狗跑到了主人身边。","5"
"阅读小探险","10","家人和朋友","活","huó","生活","shēng huó","爷爷在乡下生活。","9"
"阅读小探险","11","家人和朋友","戚","qi","亲戚","qīn qi","过节时，亲戚们聚在一起吃饭。","11"
"阅读小探险","12","家人和朋友","辈","bèi","长辈","zhǎng bèi","过年时，我们给长辈拜年。","12"
"阅读小探险","13","家人和朋友","导","dǎo","导游","dǎo yóu","导游给大家介绍这座古桥。","6"
"阅读小探险","14","家人和朋友","兵","bīng","士兵","shì bīng","故事里的士兵守护着城门。","7"
"阅读小探险","15","家人和朋友","婶","shěn","婶婶","shěn shen","婶婶给我讲了一个故事。","11"
"阅读小探险","16","家人和朋友","伙","huǒ","大伙","dà huǒ","大伙一起把教室打扫干净。","6"
"阅读小探险","17","家人和朋友","刘","liú","姓刘","xìng liú","教我们画画的老师姓刘。","6"
"阅读小探险","18","家人和朋友","约","yuē","约定","yuē dìng","我们约定周六一起去图书馆。","6"
"阅读小探险","19","家人和朋友","丁","dīng","园丁","yuán dīng","园丁正在给花坛浇水。","2"
"阅读小探险","20","家人和朋友","童","tóng","儿童","ér tóng","儿童节那天我们表演节目。","12"
"阅读小探险","21","家人和朋友","龄","líng","年龄","nián líng","我和同桌的年龄一样大。","13"
"阅读小探险","22","家人和朋友","匠","jiàng","木匠","mù jiàng","木匠把木板做成小椅子。","6"
"阅读小探险","23","家人和朋友","偷","tōu","小偷","xiǎo tōu","警察找到了偷钱包的小偷。","11"
"阅读小探险","24","家人和朋友","姆","mǔ","保姆","bǎo mǔ","保姆阿姨在帮忙照顾宝宝。","8"
"阅读小探险","25","家人和朋友","贩","fàn","商贩","shāng fàn","市场里的商贩正在摆放水果。","8"
"阅读小探险","26","家人和朋友","郎","láng","新郎","xīn láng","婚礼上，新郎向来宾道谢。","8"
"阅读小探险","27","家人和朋友","妇","fù","妇女","fù nǚ","三月八日是国际妇女节。","6"
"阅读小探险","28","家人和朋友","渔","yú","渔民","yú mín","渔民在岸边整理渔网。","11"
"阅读小探险","29","家人和朋友","嫂","sǎo","嫂子","sǎo zi","哥哥和嫂子一起回家吃饭。","12"
"阅读小探险","30","家人和朋友","骗","piàn","欺骗","qī piàn","做人要诚实，不欺骗别人。","12"
"阅读小探险","31","家人和朋友","者","zhě","读者","dú zhě","图书馆为读者准备了座椅。","8"
"阅读小探险","32","身体与健康","趾","zhǐ","脚趾","jiǎo zhǐ","我在沙滩上动了动脚趾。","11"
"阅读小探险","33","身体与健康","喉","hóu","喉咙","hóu lóng","喝点温水让喉咙舒服些。","12"
"阅读小探险","34","身体与健康","懒","lǎn","懒腰","lǎn yāo","小猫睡醒后，伸了一个懒腰。","16"
"阅读小探险","35","身体与健康","抖","dǒu","发抖","fā dǒu","小狗冷得浑身发抖。","7"
"阅读小探险","36","身体与健康","康","kāng","健康","jiàn kāng","充足的睡眠有助于身体健康。","11"
"阅读小探险","37","身体与健康","势","shì","姿势","zī shì","老师提醒我们注意写字的姿势。","8"
"阅读小探险","38","身体与健康","喘","chuǎn","喘气","chuǎn qì","跑到山坡上，我停下来喘气。","12"
"阅读小探险","39","身体与健康","肌","jī","肌肉","jī ròu","跑步时，腿上的肌肉在用力。","6"
"阅读小探险","40","身体与健康","饥","jī","饥饿","jī è","小鸟张开嘴，发出饥饿的叫声。","5"
"阅读小探险","41","身体与健康","脑","nǎo","大脑","dà nǎo","大脑帮助我们思考和记忆。","10"
"阅读小探险","42","身体与健康","胃","wèi","胃口","wèi kǒu","运动过后，我的胃口变好了。","9"
"阅读小探险","43","身体与健康","健","jiàn","健康","jiàn kāng","规律作息有助于保持健康。","10"
"阅读小探险","44","身体与健康","晕","yūn","头晕","tóu yūn","感到头晕时，要及时告诉大人。","10"
"阅读小探险","45","身体与健康","诊","zhěn","门诊","mén zhěn","妈妈带我去医院门诊看病。","7"
"阅读小探险","46","身体与健康","饮","yǐn","饮水","yǐn shuǐ","运动后，要适量饮水。","7"
"阅读小探险","47","身体与健康","肿","zhǒng","红肿","hóng zhǒng","蚊子叮过的地方有些红肿。","8"
"阅读小探险","48","身体与健康","赤","chì","赤脚","chì jiǎo","弟弟赤脚踩在柔软的地毯上。","7"
"阅读小探险","49","身体与健康","乳","rǔ","乳牙","rǔ yá","我的第一颗乳牙开始松动了。","8"
"阅读小探险","50","身体与健康","肢","zhī","四肢","sì zhī","人的四肢包括两条胳膊和两条腿。","8"
"阅读小探险","51","身体与健康","精","jīng","精神","jīng shén","睡足以后，我很有精神。","14"
"阅读小探险","52","身体与健康","营","yíng","营养","yíng yǎng","多样的食物能提供不同的营养。","11"
"阅读小探险","53","身体与健康","颈","jǐng","颈部","jǐng bù","长颈鹿的颈部又细又长。","11"
"阅读小探险","54","身体与健康","腔","qiāng","口腔","kǒu qiāng","饭后漱口有助于保持口腔清洁。","12"
"阅读小探险","55","身体与健康","腹","fù","腹部","fù bù","腹部不舒服时要告诉大人。","13"
"阅读小探险","56","身体与健康","疗","liáo","治疗","zhì liáo","医生给受伤的小猫做治疗。","7"
"阅读小探险","57","身体与健康","乏","fá","疲乏","pí fá","走了很久，我感到有些疲乏。","4"
"阅读小探险","58","身体与健康","炎","yán","发炎","fā yán","伤口发炎了，需要请医生检查。","8"
"阅读小探险","59","食物和餐桌","麻","má","芝麻","zhī má","饼干上撒着香香的芝麻。","11"
"阅读小探险","60","食物和餐桌","搅","jiǎo","搅拌","jiǎo bàn","妈妈用勺子轻轻搅拌面糊。","12"
"阅读小探险","61","食物和餐桌","稀","xī","稀饭","xī fàn","早餐时，我喝了一碗稀饭。","12"
"阅读小探险","62","食物和餐桌","份","fèn","一份","yī fèn","我给妹妹留了一份早餐。","6"
"阅读小探险","63","食物和餐桌","品","pǐn","食品","shí pǐn","购买食品时要看保质期。","9"
"阅读小探险","64","食物和餐桌","熬","áo","熬粥","áo zhōu","奶奶用小米和南瓜熬粥。","14"
"阅读小探险","65","食物和餐桌","蜜","mì","蜂蜜","fēng mì","妈妈在温水里加了一勺蜂蜜。","14"
"阅读小探险","66","食物和餐桌","尝","cháng","品尝","pǐn cháng","大家一起品尝新鲜的草莓。","9"
"阅读小探险","67","食物和餐桌","爆","bào","爆米花","bào mǐ huā","空气里飘着爆米花的香味。","19"
"阅读小探险","68","食物和餐桌","酒","jiǔ","白酒","bái jiǔ","白酒含有酒精，小朋友不能喝。","10"
"阅读小探险","69","食物和餐桌","籽","zǐ","瓜籽","guā zǐ","切开的西瓜里有黑色的瓜籽。","9"
"阅读小探险","70","食物和餐桌","粮","liáng","粮食","liáng shí","我们要珍惜每一粒粮食。","13"
"阅读小探险","71","食物和餐桌","霉","méi","发霉","fā méi","发霉的面包不能再吃了。","15"
"阅读小探险","72","食物和餐桌","薄","báo","薄饼","báo bǐng","妈妈把薄饼摊在盘子里。","16"
"阅读小探险","73","食物和餐桌","炸","zhá","油炸","yóu zhá","油炸食品不宜吃得太多。","9"
"阅读小探险","74","动物伙伴","雀","què","麻雀","má què","几只麻雀落在院子的围墙上。","11"
"阅读小探险","75","动物伙伴","斑","bān","斑马","bān mǎ","斑马身上有黑白条纹。","12"
"阅读小探险","76","动物伙伴","蛛","zhū","蜘蛛","zhī zhū","雨停后，蜘蛛又开始织网。","12"
"阅读小探险","77","动物伙伴","蜓","tíng","蜻蜓","qīng tíng","蜻蜓轻轻落在荷叶上。","12"
"阅读小探险","78","动物伙伴","蜘","zhī","蜘蛛","zhī zhū","蜘蛛在墙角结了一张网。","14"
"阅读小探险","79","动物伙伴","蝇","yíng","苍蝇","cāng yíng","纱罩能挡住飞来的苍蝇。","14"
"阅读小探险","80","动物伙伴","鲤","lǐ","鲤鱼","lǐ yú","池塘里的鲤鱼摆着尾巴。","15"
"阅读小探险","81","动物伙伴","燕","yàn","燕子","yàn zi","燕子在屋檐下搭了一个窝。","16"
"阅读小探险","82","动物伙伴","蹄","tí","马蹄","mǎ tí","马蹄踏在石板路上，发出声响。","16"
"阅读小探险","83","动物伙伴","鲸","jīng","鲸鱼","jīng yú","鲸鱼用肺呼吸，不是鱼类。","16"
"阅读小探险","84","动物伙伴","鳄","è","鳄鱼","è yú","鳄鱼静静地浮在水面上。","17"
"阅读小探险","85","动物伙伴","昆","kūn","昆虫","kūn chóng","蝴蝶和蚂蚁都属于昆虫。","8"
"阅读小探险","86","动物伙伴","鹰","yīng","老鹰","lǎo yīng","老鹰展开翅膀在空中盘旋。","18"
"阅读小探险","87","动物伙伴","驼","tuó","骆驼","luò tuó","骆驼能在沙漠里行走。","8"
"阅读小探险","88","动物伙伴","绒","róng","绒毛","róng máo","小鸭身上长着细软的绒毛。","9"
"阅读小探险","89","动物伙伴","蚓","yǐn","蚯蚓","qiū yǐn","蚯蚓在湿润的泥土里活动。","10"
"阅读小探险","90","动物伙伴","蚕","cán","蚕宝宝","cán bǎo bao","蚕宝宝正在慢慢地吃桑叶。","10"
"阅读小探险","91","动物伙伴","豹","bào","豹子","bào zi","照片里的豹子身上有斑点。","10"
"阅读小探险","92","动物伙伴","蚯","qiū","蚯蚓","qiū yǐn","雨后，泥土里钻出了几条蚯蚓。","11"
"阅读小探险","93","动物伙伴","猩","xīng","猩猩","xīng xīng","猩猩用长长的手臂攀住树枝。","12"
"阅读小探险","94","动物伙伴","鹊","què","喜鹊","xǐ què","喜鹊在树上搭起了鸟窝。","13"
"阅读小探险","95","动物伙伴","瓢","piáo","瓢虫","piáo chóng","一只瓢虫爬到了叶子上。","16"
"阅读小探险","96","动物伙伴","吼","hǒu","吼叫","hǒu jiào","远处传来了狮子的吼叫声。","7"
"阅读小探险","97","动物伙伴","咕","gū","咕咕","gū gū","鸽子站在屋顶上咕咕叫。","8"
"阅读小探险","98","动物伙伴","蝙","biān","蝙蝠","biān fú","天黑了，蝙蝠飞出山洞。","15"
"阅读小探险","99","动物伙伴","卵","luǎn","鸟卵","niǎo luǎn","受精的鸟卵在适宜条件下能孵出小鸟。","7"
"阅读小探险","100","动物伙伴","驴","lǘ","毛驴","máo lǘ","毛驴慢慢走过石桥。","7"
"阅读小探险","101","动物伙伴","翔","xiáng","飞翔","fēi xiáng","海鸥在蓝色的天空中飞翔。","12"
"阅读小探险","102","动物伙伴","兽","shòu","野兽","yě shòu","故事里的野兽住在森林深处。","11"
"阅读小探险","103","动物伙伴","猎","liè","猎豹","liè bào","猎豹奔跑起来速度很快。","11"
"阅读小探险","104","动物伙伴","羚","líng","羚羊","líng yáng","羚羊在草原上奔跑。","11"
"阅读小探险","105","动物伙伴","雁","yàn","大雁","dà yàn","秋天，大雁排着队向南飞。","12"
"阅读小探险","106","动物伙伴","蝠","fú","蝙蝠","biān fú","傍晚，蝙蝠飞出来寻找食物。","15"
"阅读小探险","107","动物伙伴","鹤","hè","仙鹤","xiān hè","画上的仙鹤展开了翅膀。","15"
"阅读小探险","108","自然四季","菊","jú","菊花","jú huā","秋天，公园里的菊花开了。","11"
"阅读小探险","109","自然四季","野","yě","野花","yě huā","山坡上开满了五颜六色的野花。","11"
"阅读小探险","110","自然四季","棉","mián","棉花","mián huā","白白的棉花摸起来很柔软。","12"
"阅读小探险","111","自然四季","湖","hú","湖水","hú shuǐ","微风吹过，湖水泛起波纹。","12"
"阅读小探险","112","自然四季","葵","kuí","向日葵","xiàng rì kuí","向日葵开出了金黄色的花。","12"
"阅读小探险","113","自然四季","裂","liè","裂开","liè kāi","干燥的泥土裂开了一道缝。","12"
"阅读小探险","114","自然四季","夕","xī","夕阳","xī yáng","夕阳把天边染成了橙红色。","3"
"阅读小探险","115","自然四季","滩","tān","沙滩","shā tān","我们在沙滩上留下了脚印。","13"
"阅读小探险","116","自然四季","漠","mò","沙漠","shā mò","沙漠里有连绵起伏的沙丘。","13"
"阅读小探险","117","自然四季","嫩","nèn","嫩芽","nèn yá","树枝上长出了绿色的嫩芽。","14"
"阅读小探险","118","自然四季","滴","dī","水滴","shuǐ dī","荷叶上滚动着晶亮的水滴。","14"
"阅读小探险","119","自然四季","季","jì","季节","jì jié","春天是鲜花盛开的季节。","8"
"阅读小探险","120","自然四季","融","róng","融化","róng huà","太阳出来后，冰块慢慢融化。","16"
"阅读小探险","121","自然四季","兰","lán","兰花","lán huā","窗台上的兰花开了。","5"
"阅读小探险","122","自然四季","陆","lù","陆地","lù dì","小船靠岸后，我们走上陆地。","7"
"阅读小探险","123","自然四季","霞","xiá","晚霞","wǎn xiá","傍晚，天空出现了红色的晚霞。","17"
"阅读小探险","124","自然四季","浅","qiǎn","浅水","qiǎn shuǐ","小鸭在浅水里练习游泳。","8"
"阅读小探险","125","自然四季","哗","huā","哗哗","huā huā","大雨哗哗地下了一整夜。","9"
"阅读小探险","126","自然四季","瓣","bàn","花瓣","huā bàn","粉红的花瓣落在草地上。","19"
"阅读小探险","127","自然四季","露","lù","露珠","lù zhū","清晨，草叶上挂着露珠。","21"
"阅读小探险","128","自然四季","颗","kē","一颗","yī kē","我在花盆里种下一颗种子。","14"
"阅读小探险","129","自然四季","景","jǐng","风景","fēng jǐng","山顶的风景真美丽。","12"
"阅读小探险","130","自然四季","枯","kū","枯叶","kū yè","风把几片枯叶吹到了墙角。","9"
"阅读小探险","131","自然四季","莲","lián","莲花","lián huā","池塘里的莲花开得正好。","10"
"阅读小探险","132","自然四季","岛","dǎo","海岛","hǎi dǎo","远处的海岛上有一座灯塔。","7"
"阅读小探险","133","自然四季","谷","gǔ","山谷","shān gǔ","清清的小溪流过山谷。","7"
"阅读小探险","134","自然四季","麦","mài","小麦","xiǎo mài","田里的小麦渐渐变黄了。","7"
"阅读小探险","135","自然四季","岩","yán","岩石","yán shí","山坡上露出了一大片岩石。","8"
"阅读小探险","136","自然四季","暴","bào","暴雨","bào yǔ","暴雨来临前，我们回到了屋里。","15"
"阅读小探险","137","自然四季","化","huà","融化","róng huà","太阳出来了，积雪慢慢融化。","4"
"阅读小探险","138","自然四季","泉","quán","泉水","quán shuǐ","清澈的泉水从石缝里流出。","9"
"阅读小探险","139","自然四季","蒲","pú","蒲公英","pú gōng yīng","蒲公英的种子随风飘远了。","13"
"阅读小探险","140","自然四季","极","jí","北极","běi jí","北极的冬天十分寒冷。","7"
"阅读小探险","141","自然四季","狂","kuáng","狂风","kuáng fēng","狂风吹得树枝不停摇晃。","7"
"阅读小探险","142","自然四季","稻","dào","水稻","shuǐ dào","田里的水稻慢慢变黄了。","15"
"阅读小探险","143","自然四季","傍","bàng","傍晚","bàng wǎn","傍晚的天空变成了橙色。","12"
"阅读小探险","144","自然四季","冻","dòng","冰冻","bīng dòng","冬天，池塘出现了冰冻现象。","7"
"阅读小探险","145","自然四季","丹","dān","牡丹","mǔ dān","公园里的牡丹开得很美。","4"
"阅读小探险","146","自然四季","丘","qiū","山丘","shān qiū","小羊站在绿色的山丘上。","5"
"阅读小探险","147","自然四季","穴","xué","洞穴","dòng xué","岩壁下有一个黑黑的洞穴。","5"
"阅读小探险","148","自然四季","艾","ài","艾草","ài cǎo","奶奶在门边挂了一束艾草。","5"
"阅读小探险","149","自然四季","北","běi","北方","běi fāng","冬天，北方有些地方会下雪。","5"
"阅读小探险","150","自然四季","浮","fú","漂浮","piāo fú","一片树叶漂浮在水面上。","10"
"阅读小探险","151","自然四季","烟","yān","烟雾","yān wù","起火时会冒出浓浓的烟雾。","10"
"阅读小探险","152","自然四季","杜","dù","杜鹃","dù juān","山坡上的杜鹃开出了红花。","7"
"阅读小探险","153","自然四季","杨","yáng","杨树","yáng shù","路边的杨树长出了新叶。","7"
"阅读小探险","154","自然四季","牡","mǔ","牡丹","mǔ dān","花园里的牡丹开得正艳。","7"
"阅读小探险","155","自然四季","芦","lú","芦苇","lú wěi","河边的芦苇随风摇摆。","7"
"阅读小探险","156","自然四季","死","sǐ","死亡","sǐ wáng","那棵树因缺水而死亡。","6"
"阅读小探险","157","自然四季","痕","hén","痕迹","hén jì","湿沙上留下了小鸟走过的痕迹。","11"
"阅读小探险","158","自然四季","岭","lǐng","山岭","shān lǐng","云雾围绕着远处的山岭。","8"
"阅读小探险","159","自然四季","径","jìng","小径","xiǎo jìng","花园里的小径铺着石子。","8"
"阅读小探险","160","自然四季","肥","féi","肥料","féi liào","爷爷给菜地施了肥料。","8"
"阅读小探险","161","自然四季","柏","bǎi","柏树","bǎi shù","院子里的柏树四季常青。","9"
"阅读小探险","162","自然四季","荒","huāng","荒地","huāng dì","村外的荒地上长着许多野草。","9"
"阅读小探险","163","自然四季","陡","dǒu","陡坡","dǒu pō","前面有陡坡，我们慢慢走。","9"
"阅读小探险","164","自然四季","变","biàn","变化","biàn huà","我发现树叶的颜色有变化。","8"
"阅读小探险","165","自然四季","桂","guì","桂花","guì huā","院子里的桂花散发着香味。","10"
"阅读小探险","166","自然四季","桐","tóng","梧桐","wú tóng","院子里的梧桐长出了新叶。","10"
"阅读小探险","167","自然四季","桑","sāng","桑叶","sāng yè","我们采来桑叶喂蚕宝宝。","10"
"阅读小探险","168","自然四季","莉","lì","茉莉","mò lì","窗边的茉莉开出了白色小花。","10"
"阅读小探险","169","自然四季","南","nán","南方","nán fāng","有些鸟儿冬天会飞向南方。","9"
"阅读小探险","170","自然四季","丰","fēng","丰收","fēng shōu","今年果园里的苹果丰收了。","4"
"阅读小探险","171","自然四季","崖","yá","悬崖","xuán yá","山路旁有悬崖，不要靠近边缘。","11"
"阅读小探险","172","自然四季","萍","píng","浮萍","fú píng","池塘水面上漂着绿色的浮萍。","11"
"阅读小探险","173","自然四季","消","xiāo","消失","xiāo shī","太阳出来后，山间的雾渐渐消失。","10"
"阅读小探险","174","自然四季","堤","dī","河堤","hé dī","我们沿着河堤慢慢散步。","12"
"阅读小探险","175","自然四季","晶","jīng","水晶","shuǐ jīng","灯光下的水晶亮闪闪的。","12"
"阅读小探险","176","自然四季","湾","wān","海湾","hǎi wān","海湾里停着几艘小渔船。","12"
"阅读小探险","177","自然四季","焰","yàn","火焰","huǒ yàn","蜡烛的火焰在轻轻晃动。","12"
"阅读小探险","178","自然四季","葫","hú","葫芦","hú lu","架子上挂着几个小葫芦。","12"
"阅读小探险","179","自然四季","川","chuān","山川","shān chuān","这幅画描绘了家乡的山川。","3"
"阅读小探险","180","自然四季","滨","bīn","海滨","hǎi bīn","海滨的小路旁种着椰子树。","13"
"阅读小探险","181","自然四季","蓬","péng","莲蓬","lián péng","成熟的莲蓬里藏着莲子。","13"
"阅读小探险","182","自然四季","扎","zhā","扎根","zhā gēn","小树在泥土里扎根，慢慢长大。","4"
"阅读小探险","183","自然四季","覆","fù","覆盖","fù gài","白雪覆盖了山顶。","18"
"阅读小探险","184","自然四季","汇","huì","汇合","huì hé","两条小溪在山脚下汇合。","5"
"阅读小探险","185","自然四季","潭","tán","水潭","shuǐ tán","山脚下有一个清澈的水潭。","15"
"阅读小探险","186","自然四季","潮","cháo","潮水","cháo shuǐ","涨起来的潮水漫过了沙滩。","15"
"阅读小探险","187","自然四季","稼","jia","庄稼","zhuāng jia","田里的庄稼长得很茂盛。","15"
"阅读小探险","188","自然四季","伏","fú","起伏","qǐ fú","远处的山坡连绵起伏。","6"
"阅读小探险","189","家里的发现","笼","lóng","笼子","lóng zi","小鸟在笼子里梳理羽毛。","11"
"阅读小探险","190","家里的发现","住","zhù","住处","zhù chù","小鸟在树上找到了新的住处。","7"
"阅读小探险","191","家里的发现","社","shè","社区","shè qū","社区里新添了几张长椅。","7"
"阅读小探险","192","家里的发现","牌","pái","门牌","mén pái","门牌上写着这户人家的号码。","12"
"阅读小探险","193","家里的发现","筋","jīn","橡皮筋","xiàng pí jīn","妈妈用橡皮筋扎好头发。","12"
"阅读小探险","194","家里的发现","铺","pū","铺床","pū chuáng","起床后，我和妈妈一起铺床。","12"
"阅读小探险","195","家里的发现","幕","mù","屏幕","píng mù","电脑屏幕上显示着一幅地图。","13"
"阅读小探险","196","家里的发现","碎","suì","碎片","suì piàn","玻璃碎片很锋利，不要用手碰。","13"
"阅读小探险","197","家里的发现","锤","chuí","锤子","chuí zǐ","木匠用锤子把钉子敲进木板。","13"
"阅读小探险","198","家里的发现","键","jiàn","键盘","jiàn pán","爸爸用键盘打字。","13"
"阅读小探险","199","家里的发现","裹","guǒ","包裹","bāo guǒ","快递员送来了一个包裹。","14"
"阅读小探险","200","家里的发现","务","wù","家务","jiā wù","周末，我们一起分担家务。","5"
"阅读小探险","201","家里的发现","槽","cáo","水槽","shuǐ cáo","洗过的碗放在水槽旁。","15"
"阅读小探险","202","家里的发现","层","céng","楼层","lóu céng","电梯里显示着楼层数字。","7"
"阅读小探险","203","家里的发现","束","shù","一束","yī shù","我送给妈妈一束鲜花。","7"
"阅读小探险","204","家里的发现","纳","nà","收纳","shōu nà","我用盒子收纳小积木。","7"
"阅读小探险","205","家里的发现","信","xìn","信封","xìn fēng","奶奶把信装进信封。","9"
"阅读小探险","206","家里的发现","仓","cāng","仓库","cāng kù","工人把货物搬进仓库。","4"
"阅读小探险","207","家里的发现","帕","pà","手帕","shǒu pà","奶奶用手帕擦了擦汗。","8"
"阅读小探险","208","家里的发现","隔","gé","隔壁","gé bì","隔壁的奶奶送来一篮梨。","12"
"阅读小探险","209","家里的发现","塑","sù","塑料","sù liào","这个收纳盒是用塑料做的。","13"
"阅读小探险","210","家里的发现","搬","bān","搬家","bān jiā","小熊搬家后住进了新树洞。","13"
"阅读小探险","211","家里的发现","瓷","cí","瓷碗","cí wǎn","这个瓷碗要轻拿轻放。","10"
"阅读小探险","212","家里的发现","库","kù","仓库","cāng kù","工人把货物搬进了仓库。","7"
"阅读小探险","213","家里的发现","封","fēng","信封","xìn fēng","姐姐把信装进了信封。","9"
"阅读小探险","214","家里的发现","井","jǐng","水井","shuǐ jǐng","村口的水井旁围着栏杆。","4"
"阅读小探险","215","家里的发现","匹","pǐ","布匹","bù pǐ","店里摆着不同颜色的布匹。","4"
"阅读小探险","216","家里的发现","瓦","wǎ","瓦片","wǎ piàn","老房子的屋顶上铺着瓦片。","4"
"阅读小探险","217","家里的发现","宅","zhái","住宅","zhù zhái","这片住宅附近有公园和学校。","6"
"阅读小探险","218","家里的发现","杂","zá","杂物","zá wù","我们把走廊里的杂物收拾好。","6"
"阅读小探险","219","家里的发现","网","wǎng","渔网","yú wǎng","渔民把渔网收回了船上。","6"
"阅读小探险","220","家里的发现","邮","yóu","邮票","yóu piào","爷爷把邮票贴在信封上。","7"
"阅读小探险","221","家里的发现","剂","jì","洗涤剂","xǐ dí jì","洗涤剂要放在孩子拿不到的地方。","8"
"阅读小探险","222","家里的发现","炉","lú","火炉","huǒ lú","小猫趴在火炉旁边取暖。","8"
"阅读小探险","223","家里的发现","舍","shè","宿舍","sù shè","姐姐把宿舍里的书桌擦干净。","8"
"阅读小探险","224","家里的发现","柄","bǐng","手柄","shǒu bǐng","这把伞的手柄弯弯的。","9"
"阅读小探险","225","家里的发现","钩","gōu","鱼钩","yú gōu","鱼钩很尖，不能拿来玩。","9"
"阅读小探险","226","家里的发现","革","gé","皮革","pí gé","这双靴子的外面是皮革。","9"
"阅读小探险","227","家里的发现","柴","chái","木柴","mù chái","爷爷把木柴堆在屋檐下。","10"
"阅读小探险","228","家里的发现","桩","zhuāng","木桩","mù zhuāng","篱笆旁立着几根木桩。","10"
"阅读小探险","229","家里的发现","棚","péng","雨棚","yǔ péng","我们在雨棚下等雨停。","12"
"阅读小探险","230","家里的发现","渣","zhā","残渣","cán zhā","吃完饭要清理桌上的食物残渣。","12"
"阅读小探险","231","家里的发现","链","liàn","铁链","tiě liàn","大门上挂着一条铁链。","12"
"阅读小探险","232","家里的发现","坏","huài","损坏","sǔn huài","这把损坏的椅子需要修理。","7"
"阅读小探险","233","家里的发现","漆","qī","油漆","yóu qī","新刷的油漆还没有干。","14"
"阅读小探险","234","幼儿园与校园","筒","tǒng","笔筒","bǐ tǒng","我把彩色铅笔放进笔筒。","12"
"阅读小探险","235","幼儿园与校园","直","zhí","直线","zhí xiàn","尺子能帮我画直线。","8"
"阅读小探险","236","幼儿园与校园","广","guǎng","广播","guǎng bō","校园广播正在播放音乐。","3"
"阅读小探险","237","幼儿园与校园","签","qiān","书签","shū qiān","我把书签夹在读到的那一页。","13"
"阅读小探险","238","幼儿园与校园","业","yè","作业","zuò yè","哥哥写完作业去踢球。","5"
"阅读小探险","239","幼儿园与校园","序","xù","顺序","shùn xù","请按顺序排队，不要插队。","7"
"阅读小探险","240","幼儿园与校园","词","cí","词语","cí yǔ","我今天学会了一个新词语。","7"
"阅读小探险","241","幼儿园与校园","迟","chí","迟到","chí dào","我们按时出发，没有迟到。","7"
"阅读小探险","242","幼儿园与校园","模","mó","模型","mó xíng","哥哥拼好了飞机模型。","14"
"阅读小探险","243","幼儿园与校园","育","yù","体育","tǐ yù","体育课上，我们练习拍球。","8"
"阅读小探险","244","幼儿园与校园","提","tí","提问","tí wèn","有不懂的地方，可以举手提问。","12"
"阅读小探险","245","幼儿园与校园","令","lìng","口令","kǒu lìng","听到口令后，大家一起起跑。","5"
"阅读小探险","246","幼儿园与校园","值","zhí","值日","zhí rì","今天轮到我和小明值日。","10"
"阅读小探险","247","幼儿园与校园","朗","lǎng","朗读","lǎng dú","我给弟弟朗读书上的故事。","10"
"阅读小探险","248","幼儿园与校园","阅","yuè","阅读","yuè dú","每天睡前，我会阅读一会儿。","10"
"阅读小探险","249","幼儿园与校园","杆","gān","旗杆","qí gān","五星红旗在旗杆上迎风飘扬。","7"
"阅读小探险","250","幼儿园与校园","语","yǔ","语文","yǔ wén","语文课上我们读儿歌。","9"
"阅读小探险","251","幼儿园与校园","堂","táng","课堂","kè táng","课堂上，大家认真听老师讲解。","11"
"阅读小探险","252","幼儿园与校园","集","jí","集合","jí hé","老师请大家到操场集合。","12"
"阅读小探险","253","幼儿园与校园","考","kǎo","思考","sī kǎo","我认真思考老师的问题。","6"
"阅读小探险","254","幼儿园与校园","卷","juàn","试卷","shì juàn","老师把试卷发给同学们。","8"
"阅读小探险","255","幼儿园与校园","横","héng","横线","héng xiàn","请在名字下面画一条横线。","15"
"阅读小探险","256","幼儿园与校园","误","wù","错误","cuò wù","发现错误后，我认真改正。","9"
"阅读小探险","257","幼儿园与校园","章","zhāng","文章","wén zhāng","这篇文章介绍了小鸟的生活。","11"
"阅读小探险","258","幼儿园与校园","组","zǔ","小组","xiǎo zǔ","我们小组一起制作了海报。","8"
"阅读小探险","259","幼儿园与校园","算","suàn","算术","suàn shù","我用小木棒练习算术。","14"
"阅读小探险","260","幼儿园与校园","错","cuò","错误","cuò wù","我改正了作业里的错误。","13"
"阅读小探险","261","幼儿园与校园","稿","gǎo","草稿","cǎo gǎo","姐姐先在草稿上画出轮廓。","15"
"阅读小探险","262","幼儿园与校园","批","pī","批改","pī gǎi","老师正在批改同学们的作业。","7"
"阅读小探险","263","幼儿园与校园","抄","chāo","抄写","chāo xiě","我把新学的词语抄写一遍。","7"
"阅读小探险","264","幼儿园与校园","思","sī","思考","sī kǎo","遇到难题时，我先认真思考。","9"
"阅读小探险","265","幼儿园与校园","暑","shǔ","暑假","shǔ jià","暑假里，姐姐学会了游泳。","12"
"阅读小探险","266","幼儿园与校园","标","biāo","标记","biāo jì","我在地图上画了一个标记。","9"
"阅读小探险","267","幼儿园与校园","范","fàn","示范","shì fàn","老师示范怎样正确握笔。","9"
"阅读小探险","268","幼儿园与校园","验","yàn","实验","shí yàn","老师带我们做了一个小实验。","10"
"阅读小探险","269","幼儿园与校园","籍","jí","书籍","shū jí","图书馆里有各种各样的书籍。","20"
"阅读小探险","270","幼儿园与校园","规","guī","规则","guī zé","玩游戏也要遵守规则。","8"
"阅读小探险","271","幼儿园与校园","级","jí","年级","nián jí","哥哥今年上小学二年级。","6"
"阅读小探险","272","幼儿园与校园","复","fù","复习","fù xí","睡前我复习今天学的字。","9"
"阅读小探险","273","幼儿园与校园","则","zé","规则","guī zé","玩游戏前，先听清规则。","6"
"阅读小探险","274","幼儿园与校园","宿","sù","宿舍","sù shè","姐姐把行李搬进学校宿舍。","11"
"阅读小探险","275","幼儿园与校园","纠","jiū","纠正","jiū zhèng","老师帮我纠正了握笔的姿势。","5"
"阅读小探险","276","幼儿园与校园","释","shì","解释","jiě shì","老师用图片解释这个词语。","12"
"阅读小探险","277","幼儿园与校园","毕","bì","毕业","bì yè","姐姐毕业后要上小学了。","6"
"阅读小探险","278","幼儿园与校园","疑","yí","疑问","yí wèn","有疑问时，可以举手问老师。","14"
"阅读小探险","279","幼儿园与校园","墨","mò","墨水","mò shuǐ","墨水滴在纸上，留下一个黑点。","15"
"阅读小探险","280","幼儿园与校园","计","jì","计算","jì suàn","我们用小木棒学习计算。","4"
"阅读小探险","281","出行与社区","票","piào","车票","chē piào","爸爸把车票放进口袋。","11"
"阅读小探险","282","出行与社区","喇","lǎ","喇叭","lǎ ba","路上响起了汽车的喇叭声。","12"
"阅读小探险","283","出行与社区","登","dēng","登山","dēng shān","周末我们跟着大人去登山。","12"
"阅读小探险","284","出行与社区","乡","xiāng","家乡","jiā xiāng","我的家乡有一条清清的小河。","3"
"阅读小探险","285","出行与社区","京","jīng","北京","běi jīng","我想去北京看看故宫。","8"
"阅读小探险","286","出行与社区","刹","shā","刹车","shā chē","司机轻踩刹车，车慢慢停下。","8"
"阅读小探险","287","出行与社区","拐","guǎi","拐弯","guǎi wān","汽车在前面的路口拐弯。","8"
"阅读小探险","288","出行与社区","降","jiàng","降落","jiàng luò","飞机平稳地降落在机场。","8"
"阅读小探险","289","出行与社区","驶","shǐ","行驶","xíng shǐ","公交车在宽阔的马路上行驶。","8"
"阅读小探险","290","出行与社区","乘","chéng","乘车","chéng chē","乘车时，请坐稳扶好。","10"
"阅读小探险","291","出行与社区","远","yuǎn","远方","yuǎn fāng","火车带着旅客驶向远方。","7"
"阅读小探险","292","出行与社区","亭","tíng","凉亭","liáng tíng","走累了，我们到凉亭里歇脚。","9"
"阅读小探险","293","出行与社区","拱","gǒng","拱桥","gǒng qiáo","河上的拱桥像一道弯弯的月牙。","9"
"阅读小探险","294","出行与社区","帆","fān","帆船","fān chuán","白色的帆船驶向远方。","6"
"阅读小探险","295","出行与社区","庄","zhuāng","村庄","cūn zhuāng","远处的村庄升起了袅袅炊烟。","6"
"阅读小探险","296","出行与社区","梁","liáng","桥梁","qiáo liáng","这座桥梁连接着河的两岸。","11"
"阅读小探险","297","出行与社区","订","dìng","订票","dìng piào","妈妈用手机给全家订票。","4"
"阅读小探险","298","出行与社区","镇","zhèn","小镇","xiǎo zhèn","小镇的街边开着几家面包店。","15"
"阅读小探险","299","出行与社区","程","chéng","路程","lù chéng","从家到学校有一段路程。","12"
"阅读小探险","300","出行与社区","货","huò","货物","huò wù","工人把货物装上卡车。","8"
"阅读小探险","301","出行与社区","驾","jià","驾驶","jià shǐ","驾驶汽车时，要遵守交通规则。","8"
"阅读小探险","302","出行与社区","租","zū","租车","zū chē","到了小镇，爸爸去租车。","10"
"阅读小探险","303","出行与社区","县","xiàn","县城","xiàn chéng","爷爷坐车去县城买农具。","7"
"阅读小探险","304","出行与社区","局","jú","邮局","yóu jú","我们到邮局给远方的朋友寄信。","7"
"阅读小探险","305","出行与社区","售","shòu","售票","shòu piào","我们在售票窗口买了车票。","11"
"阅读小探险","306","出行与社区","巷","xiàng","小巷","xiǎo xiàng","我们沿着小巷走到老街。","9"
"阅读小探险","307","出行与社区","舰","jiàn","军舰","jūn jiàn","海面上驶过一艘军舰。","10"
"阅读小探险","308","出行与社区","艘","sōu","一艘","yī sōu","一艘轮船慢慢驶进港口。","15"
"阅读小探险","309","出行与社区","厦","shà","大厦","dà shà","这座大厦的门口有一片广场。","12"
"阅读小探险","310","出行与社区","塔","tǎ","灯塔","dēng tǎ","海边的灯塔为船只指引方向。","12"
"阅读小探险","311","出行与社区","渡","dù","渡船","dù chuán","我们坐渡船去河对岸。","12"
"阅读小探险","312","出行与社区","港","gǎng","港口","gǎng kǒu","大船慢慢驶进港口。","12"
"阅读小探险","313","出行与社区","艇","tǐng","快艇","kuài tǐng","快艇在海面上划出一道水花。","12"
"阅读小探险","314","出行与社区","返","fǎn","返回","fǎn huí","天快黑了，我们返回营地。","7"
"阅读小探险","315","出行与社区","挤","jǐ","拥挤","yōng jǐ","车厢很拥挤，我们等下一班。","9"
"阅读小探险","316","每天做的事","准","zhǔn","准备","zhǔn bèi","我在准备明天要用的画笔。","10"
"阅读小探险","317","每天做的事","体","tǐ","体操","tǐ cāo","大家跟着老师做体操。","7"
"阅读小探险","318","每天做的事","棋","qí","下棋","xià qí","爷爷和朋友在树荫下下棋。","12"
"阅读小探险","319","每天做的事","得","dé","得到","dé dào","我得到了朋友的帮助。","11"
"阅读小探险","320","每天做的事","制","zhì","制作","zhì zuò","姐姐用纸盒制作小房子。","8"
"阅读小探险","321","每天做的事","取","qǔ","取出","qǔ chū","我从书包里取出画本。","8"
"阅读小探险","322","每天做的事","建","jiàn","建造","jiàn zào","工人正在建造一座新桥。","8"
"阅读小探险","323","每天做的事","塞","sāi","塞满","sāi mǎn","我的书包里塞满了图画书。","13"
"阅读小探险","324","每天做的事","摊","tān","摊开","tān kāi","爸爸把地图摊开放在桌上。","13"
"阅读小探险","325","每天做的事","努","nǔ","努力","nǔ lì","我努力练习，终于学会了跳绳。","7"
"阅读小探险","326","每天做的事","劲","jìn","使劲","shǐ jìn","小熊使劲推开了大门。","7"
"阅读小探险","327","每天做的事","护","hù","保护","bǎo hù","我们要保护小鸟的家。","7"
"阅读小探险","328","每天做的事","摘","zhāi","采摘","cǎi zhāi","我们跟着大人在果园里采摘苹果。","14"
"阅读小探险","329","每天做的事","参","cān","参加","cān jiā","我报名参加了跳绳比赛。","8"
"阅读小探险","330","每天做的事","择","zé","选择","xuǎn zé","我选择用蓝色画天空。","8"
"阅读小探险","331","每天做的事","绍","shào","介绍","jiè shào","请向大家介绍你的作品。","8"
"阅读小探险","332","每天做的事","击","jī","击掌","jī zhǎng","我们击掌庆祝比赛结束。","5"
"阅读小探险","333","每天做的事","叹","tàn","叹气","tàn qì","拼图还差一块，弟弟轻轻叹气。","5"
"阅读小探险","334","每天做的事","归","guī","归还","guī huán","看完借来的书要及时归还。","5"
"阅读小探险","335","每天做的事","撒","sā","撒手","sā shǒu","过马路牵着大人的手，不要撒手。","15"
"阅读小探险","336","每天做的事","撞","zhuàng","碰撞","pèng zhuàng","两辆玩具车在转弯处发生碰撞。","15"
"阅读小探险","337","每天做的事","查","chá","检查","jiǎn chá","出门前，爸爸检查了门窗。","9"
"阅读小探险","338","每天做的事","维","wéi","维修","wéi xiū","师傅正在维修坏掉的水管。","11"
"阅读小探险","339","每天做的事","仿","fǎng","模仿","mó fǎng","我模仿小鸭子走路的样子。","6"
"阅读小探险","340","每天做的事","寻","xún","寻找","xún zhǎo","我们在草地上寻找掉落的纽扣。","6"
"阅读小探险","341","每天做的事","闭","bì","关闭","guān bì","离开教室前，请关闭电灯。","6"
"阅读小探险","342","每天做的事","闯","chuǎng","闯关","chuǎng guān","我们在游戏里一起闯关。","6"
"阅读小探险","343","每天做的事","继","jì","继续","jì xù","休息一会儿后，我们继续走路。","10"
"阅读小探险","344","每天做的事","呆","dāi","发呆","fā dāi","小猫望着窗外，静静地发呆。","7"
"阅读小探险","345","每天做的事","扮","bàn","打扮","dǎ bàn","她把自己打扮成故事里的小兔。","7"
"阅读小探险","346","每天做的事","改","gǎi","改正","gǎi zhèng","我把写错的数字改正过来。","7"
"阅读小探险","347","每天做的事","沉","chén","下沉","xià chén","石头落进水里就下沉了。","7"
"阅读小探险","348","每天做的事","盯","dīng","盯着","dīng zhe","小猫盯着水里的小鱼。","7"
"阅读小探险","349","每天做的事","阻","zǔ","阻挡","zǔ dǎng","倒下的大树阻挡了去路。","7"
"阅读小探险","350","每天做的事","瞪","dèng","瞪眼","dèng yǎn","小猫瞪眼望着滚动的球。","17"
"阅读小探险","351","每天做的事","决","jué","决定","jué dìng","我们决定周末去看爷爷。","6"
"阅读小探险","352","每天做的事","奔","bēn","奔跑","bēn pǎo","小马在草地上奔跑。","8"
"阅读小探险","353","每天做的事","录","lù","录音","lù yīn","妈妈录音保存了我的歌声。","8"
"阅读小探险","354","每天做的事","抹","mǒ","涂抹","tú mǒ","出门前，妈妈帮我涂抹防晒霜。","8"
"阅读小探险","355","每天做的事","拆","chāi","拆开","chāi kāi","我拆开了生日礼物的盒子。","8"
"阅读小探险","356","每天做的事","拦","lán","拦住","lán zhù","栏杆拦住了通往工地的小路。","8"
"阅读小探险","357","每天做的事","沾","zhān","沾上","zhān shàng","雨后，鞋底沾上了一点泥。","8"
"阅读小探险","358","每天做的事","询","xún","询问","xún wèn","迷路时可以向警察询问。","8"
"阅读小探险","359","每天做的事","购","gòu","购买","gòu mǎi","我们到书店购买新书。","8"
"阅读小探险","360","每天做的事","钓","diào","钓鱼","diào yú","爷爷在允许钓鱼的池塘边钓鱼。","8"
"阅读小探险","361","每天做的事","饰","shì","装饰","zhuāng shì","我们用彩纸装饰教室。","8"
"阅读小探险","362","每天做的事","甩","shuǎi","甩动","shuǎi dòng","小象轻轻甩动长鼻子。","5"
"阅读小探险","363","每天做的事","削","xiāo","削皮","xiāo pí","爸爸用小刀给苹果削皮。","9"
"阅读小探险","364","每天做的事","挺","tǐng","挺直","tǐng zhí","做操时，大家挺直了腰背。","9"
"阅读小探险","365","每天做的事","竖","shù","竖起","shù qǐ","小兔子竖起了两只长耳朵。","9"
"阅读小探险","366","每天做的事","绕","rào","围绕","wéi rào","我们围绕大树坐成一圈。","9"
"阅读小探险","367","每天做的事","迈","mài","迈步","mài bù","小宝宝扶着椅子学着迈步。","6"
"阅读小探险","368","每天做的事","失","shī","丢失","diū shī","丢失的水杯终于找到了。","5"
"阅读小探险","369","每天做的事","埋","mái","埋藏","mái cáng","松鼠把坚果埋藏在泥土里。","10"
"阅读小探险","370","每天做的事","晃","huàng","摇晃","yáo huàng","风中的树枝轻轻摇晃。","10"
"阅读小探险","371","每天做的事","获","huò","收获","shōu huò","秋天，农民收获了金黄的稻谷。","10"
"阅读小探险","372","每天做的事","逐","zhú","追逐","zhuī zhú","两只蝴蝶在花间追逐。","10"
"阅读小探险","373","每天做的事","当","dāng","当心","dāng xīn","走过水洼时要当心。","6"
"阅读小探险","374","每天做的事","合","hé","合作","hé zuò","我们合作搭起了一座积木桥。","6"
"阅读小探险","375","每天做的事","凑","còu","凑齐","còu qí","我终于凑齐了这套动物卡片。","11"
"阅读小探险","376","每天做的事","掏","tāo","掏出","tāo chū","我从口袋里掏出一块手帕。","11"
"阅读小探险","377","每天做的事","旋","xuán","旋转","xuán zhuǎn","风车在微风中慢慢旋转。","11"
"阅读小探险","378","每天做的事","淋","lín","淋湿","lín shī","大雨把我的鞋子淋湿了。","11"
"阅读小探险","379","每天做的事","混","hùn","混合","hùn hé","把红色和黄色颜料混合起来。","11"
"阅读小探险","380","每天做的事","移","yí","移动","yí dòng","小蜗牛在叶子上慢慢移动。","11"
"阅读小探险","381","每天做的事","粘","zhān","粘贴","zhān tiē","我用胶水粘贴彩色纸片。","11"
"阅读小探险","382","每天做的事","隐","yǐn","隐藏","yǐn cáng","小兔子把自己隐藏在草丛里。","11"
"阅读小探险","383","每天做的事","求","qiú","请求","qǐng qiú","我请求老师再讲一遍。","7"
"阅读小探险","384","每天做的事","连","lián","连忙","lián máng","下雨了，我连忙收起衣服。","7"
"阅读小探险","385","每天做的事","喂","wèi","喂养","wèi yǎng","妈妈正在喂养小宝宝。","12"
"阅读小探险","386","每天做的事","喊","hǎn","喊声","hǎn shēng","操场上传来了同伴的喊声。","12"
"阅读小探险","387","每天做的事","散","sàn","散开","sàn kāi","铃声一响，围着的小朋友散开了。","12"
"阅读小探险","388","每天做的事","欺","qī","欺负","qī fù","看到有人欺负同学，要告诉老师。","12"
"阅读小探险","389","每天做的事","歇","xiē","歇息","xiē xī","走累了，我们在树荫下歇息。","13"
"阅读小探险","390","每天做的事","跨","kuà","跨过","kuà guò","姐姐抬腿跨过小水沟。","13"
"阅读小探险","391","每天做的事","钻","zuān","钻洞","zuān dòng","小鼹鼠最擅长钻洞。","10"
"阅读小探险","392","每天做的事","察","chá","观察","guān chá","我蹲下来观察蚂蚁搬家。","14"
"阅读小探险","393","每天做的事","遮","zhē","遮挡","zhē dǎng","大树的枝叶遮挡了阳光。","14"
"阅读小探险","394","每天做的事","锻","duàn","锻炼","duàn liàn","爷爷每天早上到公园锻炼。","14"
"阅读小探险","395","每天做的事","逮","dǎi","逮住","dǎi zhù","小猫逮住了一只老鼠。","11"
"阅读小探险","396","每天做的事","犯","fàn","犯错","fàn cuò","犯错以后，可以认真改正。","5"
"阅读小探险","397","每天做的事","飘","piāo","飘动","piāo dòng","红旗在微风中轻轻飘动。","15"
"阅读小探险","398","每天做的事","随","suí","随手","suí shǒu","喝完水后，我随手盖好杯盖。","11"
"阅读小探险","399","每天做的事","存","cún","保存","bǎo cún","这张照片要好好保存。","6"
"阅读小探险","400","每天做的事","庆","qìng","庆祝","qìng zhù","我们一起庆祝奶奶的生日。","6"
"阅读小探险","401","每天做的事","避","bì","躲避","duǒ bì","小兔跑进洞里躲避大雨。","16"
"阅读小探险","402","每天做的事","溜","liū","溜冰","liū bīng","姐姐戴好护具去溜冰。","13"
"阅读小探险","403","每天做的事","陷","xiàn","陷入","xiàn rù","玩具车的轮子陷入了软泥。","10"
"阅读小探险","404","每天做的事","劳","láo","劳动","láo dòng","大家一起劳动，把教室扫干净。","7"
"阅读小探险","405","每天做的事","扰","rǎo","打扰","dǎ rǎo","别人休息时不要大声打扰。","7"
"阅读小探险","406","每天做的事","拒","jù","拒绝","jù jué","陌生人给零食时，可以拒绝。","7"
"阅读小探险","407","每天做的事","补","bǔ","补充","bǔ chōng","运动后要及时补充水分。","7"
"阅读小探险","408","每天做的事","惯","guàn","习惯","xí guàn","我养成了饭前洗手的习惯。","11"
"阅读小探险","409","每天做的事","挣","zhèng","挣钱","zhèng qián","爸爸妈妈通过劳动挣钱。","9"
"阅读小探险","410","每天做的事","费","fèi","浪费","làng fèi","吃多少盛多少，尽量不浪费粮食。","9"
"阅读小探险","411","每天做的事","配","pèi","配合","pèi hé","两个人配合着抬起了小桌子。","10"
"阅读小探险","412","每天做的事","陪","péi","陪伴","péi bàn","小狗每天陪伴着爷爷。","10"
"阅读小探险","413","每天做的事","嚼","jiáo","嚼碎","jiáo suì","吃饭时，把食物慢慢嚼碎。","20"
"阅读小探险","414","每天做的事","貌","mào","礼貌","lǐ mào","向别人问好很有礼貌。","14"
"阅读小探险","415","每天做的事","造","zào","制造","zhì zào","工厂里可以制造汽车。","10"
"阅读小探险","416","每天做的事","谈","tán","交谈","jiāo tán","两位老师在门口轻声交谈。","10"
"阅读小探险","417","每天做的事","称","chēng","称重","chēng zhòng","买水果时，店员会给水果称重。","10"
"阅读小探险","418","每天做的事","灭","miè","熄灭","xī miè","睡前，爸爸熄灭了蜡烛。","5"
"阅读小探险","419","每天做的事","训","xùn","训练","xùn liàn","运动员每天都要进行训练。","5"
"阅读小探险","420","每天做的事","哄","hǒng","哄睡","hǒng shuì","爸爸轻轻唱歌哄睡宝宝。","9"
"阅读小探险","421","每天做的事","催","cuī","催促","cuī cù","妈妈轻声催促我快些出门。","13"
"阅读小探险","422","每天做的事","哼","hēng","哼唱","hēng chàng","奶奶一边做饭，一边轻声哼唱。","10"
"阅读小探险","423","每天做的事","启","qǐ","开启","kāi qǐ","按下按钮，机器就会开启。","7"
"阅读小探险","424","每天做的事","持","chí","坚持","jiān chí","我坚持每天给小花浇水。","9"
"阅读小探险","425","每天做的事","与","yù","参与","cān yù","大家都愿意参与游戏。","3"
"阅读小探险","426","每天做的事","佩","pèi","佩戴","pèi dài","骑车前，姐姐佩戴好头盔。","8"
"阅读小探险","427","每天做的事","垂","chuí","垂下","chuí xià","柳树的枝条向水面垂下。","8"
"阅读小探险","428","每天做的事","采","cǎi","采摘","cǎi zhāi","秋天，我们去果园采摘苹果。","8"
"阅读小探险","429","每天做的事","功","gōng","功夫","gōng fū","练好这支舞要花些功夫。","5"
"阅读小探险","430","每天做的事","扑","pū","扑打","pū dǎ","小鸟扑打着翅膀飞上枝头。","5"
"阅读小探险","431","每天做的事","嘱","zhǔ","叮嘱","dīng zhǔ","妈妈叮嘱我出门要戴好帽子。","15"
"阅读小探险","432","每天做的事","邀","yāo","邀请","yāo qǐng","我邀请朋友周末来家里玩。","16"
"阅读小探险","433","每天做的事","唤","huàn","呼唤","hū huàn","妈妈在门口呼唤我的名字。","10"
"阅读小探险","434","每天做的事","递","dì","传递","chuán dì","大家排成一队传递水桶。","10"
"阅读小探险","435","每天做的事","赢","yíng","赢得","yíng dé","精彩的表演赢得了大家的掌声。","17"
"阅读小探险","436","每天做的事","论","lùn","讨论","tǎo lùn","我们讨论周末去哪里玩。","6"
"阅读小探险","437","每天做的事","探","tàn","探望","tàn wàng","周末我们去探望生病的爷爷。","11"
"阅读小探险","438","每天做的事","添","tiān","添加","tiān jiā","做蛋糕时，要按步骤添加材料。","11"
"阅读小探险","439","每天做的事","跃","yuè","跳跃","tiào yuè","小鹿在草地上轻快地跳跃。","11"
"阅读小探险","440","每天做的事","解","jiě","解决","jiě jué","我们一起想办法解决问题。","13"
"阅读小探险","441","每天做的事","即","jí","立即","lì jí","听见铃声，大家立即排队。","7"
"阅读小探险","442","每天做的事","储","chǔ","储存","chǔ cún","松鼠在树洞里储存食物。","12"
"阅读小探险","443","每天做的事","揭","jiē","揭开","jiē kāi","妈妈揭开锅盖，香气飘了出来。","12"
"阅读小探险","444","每天做的事","卸","xiè","卸货","xiè huò","卡车停稳后，工人开始卸货。","9"
"阅读小探险","445","每天做的事","填","tián","填写","tián xiě","妈妈在表格里填写联系电话。","13"
"阅读小探险","446","每天做的事","触","chù","接触","jiē chù","插座不能接触水，要保持干燥。","13"
"阅读小探险","447","每天做的事","栽","zāi","栽种","zāi zhòng","春天，我们在院子里栽种小树。","10"
"阅读小探险","448","每天做的事","瞧","qiáo","瞧见","qiáo jiàn","我瞧见一只松鼠跳上了树。","17"
"阅读小探险","449","每天做的事","类","lèi","分类","fēn lèi","我们把玩具分类放好。","9"
"阅读小探险","450","每天做的事","引","yǐn","吸引","xī yǐn","花香吸引了许多蜜蜂。","4"
"阅读小探险","451","每天做的事","寄","jì","寄信","jì xìn","我和爸爸去邮局寄信。","11"
"阅读小探险","452","每天做的事","惜","xī","爱惜","ài xī","我们要爱惜自己的书本。","11"
"阅读小探险","453","每天做的事","占","zhàn","占用","zhàn yòng","不要用杂物占用楼道。","5"
"阅读小探险","454","每天做的事","插","chā","插花","chā huā","奶奶把剪下的枝条用来插花。","12"
"阅读小探险","455","每天做的事","编","biān","编织","biān zhī","奶奶用毛线编织围巾。","12"
"阅读小探险","456","每天做的事","扩","kuò","扩大","kuò dà","学校准备扩大图书角的面积。","6"
"阅读小探险","457","每天做的事","设","shè","设计","shè jì","我为小木屋设计了一扇圆窗。","6"
"阅读小探险","458","每天做的事","访","fǎng","访问","fǎng wèn","外国客人来学校访问。","6"
"阅读小探险","459","每天做的事","赠","zèng","赠送","zèng sòng","叔叔把这本书赠送给图书馆。","16"
"阅读小探险","460","每天做的事","搞","gǎo","搞清楚","gǎo qīng chǔ","先搞清楚规则，再开始游戏。","13"
"阅读小探险","461","每天做的事","缝","féng","缝补","féng bǔ","奶奶正在缝补破了的小布袋。","13"
"阅读小探险","462","每天做的事","勾","gōu","勾画","gōu huà","姐姐用铅笔勾画小猫的轮廓。","4"
"阅读小探险","463","每天做的事","述","shù","讲述","jiǎng shù","爷爷讲述了小时候的故事。","8"
"阅读小探险","464","每天做的事","瞎","xiā","瞎猜","xiā cāi","先看看线索，不要着急瞎猜。","15"
"阅读小探险","465","每天做的事","遵","zūn","遵守","zūn shǒu","过马路时，我们要遵守交通规则。","15"
"阅读小探险","466","每天做的事","夫","fū","功夫","gōng fū","学会游泳要花些功夫。","4"
"阅读小探险","467","每天做的事","宣","xuān","宣布","xuān bù","老师宣布了比赛结果。","9"
"阅读小探险","468","每天做的事","仰","yǎng","仰头","yǎng tóu","小鹿仰头看着树上的果子。","6"
"阅读小探险","469","样子与比较","粗","cū","粗细","cū xì","这两根绳子的粗细不同。","11"
"阅读小探险","470","样子与比较","棕","zōng","棕色","zōng sè","小熊有一身棕色的毛。","12"
"阅读小探险","471","样子与比较","隙","xì","缝隙","fèng xì","阳光从窗帘的缝隙里照进来。","12"
"阅读小探险","472","样子与比较","非","fēi","非常","fēi cháng","小狗见到主人非常高兴。","8"
"阅读小探险","473","样子与比较","矮","ǎi","矮小","ǎi xiǎo","矮小的树苗也在慢慢长高。","13"
"阅读小探险","474","样子与比较","久","jiǔ","很久","hěn jiǔ","我很久没去海边玩了。","3"
"阅读小探险","475","样子与比较","聪","cōng","聪明","cōng ming","乌鸦是很聪明的鸟。","15"
"阅读小探险","476","样子与比较","趣","qù","有趣","yǒu qù","这个故事听起来很有趣。","15"
"阅读小探险","477","样子与比较","突","tū","突然","tū rán","小猫突然从椅子后面跳出来。","9"
"阅读小探险","478","样子与比较","处","chù","好处","hǎo chù","每天运动对身体有好处。","5"
"阅读小探险","479","样子与比较","乱","luàn","杂乱","zá luàn","杂乱的书桌需要整理一下。","7"
"阅读小探险","480","样子与比较","坚","jiān","坚硬","jiān yìng","这块石头十分坚硬。","7"
"阅读小探险","481","样子与比较","灵","líng","灵活","líng huó","小猴子的手指十分灵活。","7"
"阅读小探险","482","样子与比较","闷","mēn","闷热","mēn rè","今天很闷热，出门记得带水。","7"
"阅读小探险","483","样子与比较","全","quán","全部","quán bù","积木已经全部收好了。","6"
"阅读小探险","484","样子与比较","许","xǔ","许多","xǔ duō","池塘里有许多小蝌蚪。","6"
"阅读小探险","485","样子与比较","固","gù","牢固","láo gù","爸爸检查书架是否牢固。","8"
"阅读小探险","486","样子与比较","遍","biàn","一遍","yī biàn","请把这首儿歌再读一遍。","12"
"阅读小探险","487","样子与比较","厚","hòu","厚实","hòu shí","这床棉被又暖和又厚实。","9"
"阅读小探险","488","样子与比较","弯","wān","弯曲","wān qū","这条小路弯曲着通向山脚。","9"
"阅读小探险","489","样子与比较","洁","jié","整洁","zhěng jié","整理后的书桌十分整洁。","9"
"阅读小探险","490","样子与比较","楚","chǔ","清楚","qīng chǔ","擦干净镜片，就看清楚了。","13"
"阅读小探险","491","样子与比较","置","zhì","位置","wèi zhì","请把积木放回原来的位置。","13"
"阅读小探险","492","样子与比较","宽","kuān","宽敞","kuān chǎng","新教室又明亮又宽敞。","10"
"阅读小探险","493","样子与比较","透","tòu","透明","tòu míng","透过透明的杯子能看见水。","10"
"阅读小探险","494","样子与比较","便","biàn","方便","fāng biàn","坐地铁去图书馆很方便。","9"
"阅读小探险","495","样子与比较","爽","shuǎng","凉爽","liáng shuǎng","秋天的早晨十分凉爽。","11"
"阅读小探险","496","样子与比较","盛","shèng","茂盛","mào shèng","院子里的大树长得很茂盛。","11"
"阅读小探险","497","样子与比较","银","yín","银色","yín sè","月光给湖面披上银色的外衣。","11"
"阅读小探险","498","样子与比较","特","tè","特别","tè bié","这朵花的颜色很特别。","10"
"阅读小探险","499","样子与比较","真","zhēn","认真","rèn zhēn","姐姐认真地拼好积木。","10"
"阅读小探险","500","样子与比较","容","róng","容易","róng yì","这块积木很容易倒下。","10"
"阅读小探险","501","样子与比较","仔","zǐ","仔细","zǐ xì","我仔细检查拼图有没有少。","5"
"阅读小探险","502","样子与比较","厉","lì","厉害","lì hài","你能拼好这么难的拼图，真厉害！","5"
"阅读小探险","503","样子与比较","寒","hán","寒冷","hán lěng","寒冷的冬天要注意保暖。","12"
"阅读小探险","504","样子与比较","缓","huǎn","缓慢","huǎn màn","小蜗牛缓慢地爬过叶子。","12"
"阅读小探险","505","样子与比较","暗","àn","黑暗","hēi àn","手电筒照亮了黑暗的角落。","13"
"阅读小探险","506","样子与比较","确","què","正确","zhèng què","我找到了正确的答案。","12"
"阅读小探险","507","样子与比较","独","dú","独自","dú zì","我能独自整理小书包。","9"
"阅读小探险","508","样子与比较","专","zhuān","专心","zhuān xīn","我专心听故事，没有东张西望。","4"
"阅读小探险","509","样子与比较","巨","jù","巨大","jù dà","鲸鱼有巨大的身体。","4"
"阅读小探险","510","样子与比较","端","duān","端正","duān zhèng","写字时，我们要坐得端正。","14"
"阅读小探险","511","样子与比较","怪","guài","奇怪","qí guài","树上怎么长出了奇怪的果子？","8"
"阅读小探险","512","样子与比较","易","yì","容易","róng yì","这块拼图很容易找到位置。","8"
"阅读小探险","513","样子与比较","帅","shuài","帅气","shuài qì","哥哥穿上新外套显得很帅气。","5"
"阅读小探险","514","样子与比较","勇","yǒng","勇敢","yǒng gǎn","勇敢也包括向大人求助。","9"
"阅读小探险","515","样子与比较","充","chōng","充满","chōng mǎn","打开窗户，房间里充满了花香。","6"
"阅读小探险","516","样子与比较","较","jiào","比较","bǐ jiào","这两个苹果，红的比较大。","10"
"阅读小探险","517","样子与比较","够","gòu","足够","zú gòu","这些苹果足够大家分了。","11"
"阅读小探险","518","样子与比较","泼","pō","活泼","huó pō","活泼的小狗在草地上跑来跑去。","8"
"阅读小探险","519","样子与比较","简","jiǎn","简单","jiǎn dān","这个拼图很简单。","13"
"阅读小探险","520","样子与比较","缺","quē","缺少","quē shǎo","这盒拼图还缺少一块。","10"
"阅读小探险","521","样子与比较","调","tiáo","调皮","tiáo pí","调皮的小狗叼走了我的拖鞋。","10"
"阅读小探险","522","样子与比较","顽","wán","顽皮","wán pí","顽皮的小猴把帽子拿走了。","10"
"阅读小探险","523","样子与比较","渐","jiàn","渐渐","jiàn jiàn","天空渐渐亮了起来。","11"
"阅读小探险","524","样子与比较","段","duàn","一段","yī duàn","老师读了一段有趣的故事。","9"
"阅读小探险","525","样子与比较","深","shēn","深浅","shēn qiǎn","下水前要先了解水的深浅。","11"
"阅读小探险","526","样子与比较","侧","cè","侧面","cè miàn","从侧面看，这座山像一头象。","8"
"阅读小探险","527","样子与比较","优","yōu","优点","yōu diǎn","每个人都有值得学习的优点。","6"
"阅读小探险","528","样子与比较","损","sǔn","损坏","sǔn huài","这把椅子已经损坏，先别坐。","10"
"阅读小探险","529","样子与比较","润","rùn","湿润","shī rùn","雨后，花盆里的泥土很湿润。","10"
"阅读小探险","530","样子与比较","秀","xiù","优秀","yōu xiù","优秀的作品会在走廊里展出。","7"
"阅读小探险","531","样子与比较","凶","xiōng","凶猛","xiōng měng","老虎是一种凶猛的动物。","4"
"阅读小探险","532","样子与比较","诚","chéng","诚实","chéng shí","做错事后，他诚实地说了出来。","8"
"阅读小探险","533","样子与比较","轰","hōng","轰鸣","hōng míng","远处传来飞机的轰鸣声。","8"
"阅读小探险","534","样子与比较","缘","yuán","边缘","biān yuán","一只蝴蝶停在花盆的边缘。","12"
"阅读小探险","535","样子与比较","锋","fēng","锋利","fēng lì","锋利的刀要由大人使用。","12"
"阅读小探险","536","样子与比较","差","chā","差别","chā bié","这两片叶子有什么差别？","9"
"阅读小探险","537","样子与比较","匀","yún","均匀","jūn yún","我把颜料均匀地涂在纸上。","4"
"阅读小探险","538","样子与比较","匆","cōng","匆忙","cōng máng","叔叔匆忙赶去上班。","5"
"阅读小探险","539","样子与比较","央","yāng","中央","zhōng yāng","广场中央有一座喷泉。","5"
"阅读小探险","540","样子与比较","威","wēi","威风","wēi fēng","舞台上的小狮子十分威风。","9"
"阅读小探险","541","样子与比较","适","shì","合适","hé shì","这双鞋大小合适，走路舒服。","9"
"阅读小探险","542","样子与比较","延","yán","延长","yán cháng","修路以后，公交线路延长了。","6"
"阅读小探险","543","样子与比较","迅","xùn","迅速","xùn sù","小松鼠迅速爬上了树。","6"
"阅读小探险","544","样子与比较","噪","zào","噪声","zào shēng","关上窗户，外面的噪声小了。","16"
"阅读小探险","545","样子与比较","勤","qín","勤劳","qín láo","农民用勤劳的双手种出粮食。","13"
"阅读小探险","546","样子与比较","强","qiáng","强壮","qiáng zhuàng","小马每天奔跑，身体很强壮。","12"
"阅读小探险","547","样子与比较","严","yán","严肃","yán sù","老师严肃地提醒大家注意安全。","7"
"阅读小探险","548","样子与比较","余","yú","剩余","shèng yú","我把剩余的积木放回盒子。","7"
"阅读小探险","549","样子与比较","灿","càn","灿烂","càn làn","孩子们露出灿烂的笑容。","7"
"阅读小探险","550","样子与比较","牢","láo","牢固","láo gù","这把椅子的椅腿很牢固。","7"
"阅读小探险","551","样子与比较","纯","chún","纯净","chún jìng","山间的空气十分纯净。","7"
"阅读小探险","552","样子与比较","纷","fēn","纷纷","fēn fēn","雨停了，大家纷纷走出屋子。","7"
"阅读小探险","553","样子与比较","闲","xián","空闲","kòng xián","空闲时，我喜欢画小动物。","7"
"阅读小探险","554","样子与比较","燥","zào","干燥","gān zào","天气干燥时，要记得喝水。","17"
"阅读小探险","555","样子与比较","及","jí","及时","jí shí","花儿缺水时要及时浇水。","3"
"阅读小探险","556","样子与比较","坦","tǎn","平坦","píng tǎn","这条小路平坦又宽敞。","8"
"阅读小探险","557","样子与比较","备","bèi","备用","bèi yòng","书包里放着一支备用铅笔。","8"
"阅读小探险","558","样子与比较","甘","gān","甘甜","gān tián","清凉的泉水十分甘甜。","5"
"阅读小探险","559","样子与比较","熟","shú","熟悉","shú xī","这条回家的路我很熟悉。","15"
"阅读小探险","560","样子与比较","显","xiǎn","明显","míng xiǎn","白纸上的黑点很明显。","9"
"阅读小探险","561","把话说完整","嘛","ma","干嘛","gān ma","你拿着放大镜在干嘛？","14"
"阅读小探险","562","把话说完整","已","yǐ","已经","yǐ jīng","小树已经长出新叶了。","3"
"阅读小探险","563","把话说完整","沿","yán","沿着","yán zhe","我们沿着小河散步。","8"
"阅读小探险","564","把话说完整","只","zhǐ","只有","zhǐ yǒu","盒子里只有一块饼干。","5"
"阅读小探险","565","把话说完整","必","bì","必须","bì xū","过马路必须遵守交通规则。","5"
"阅读小探险","566","把话说完整","共","gòng","一共","yī gòng","盘子里一共有五个包子。","6"
"阅读小探险","567","把话说完整","定","dìng","一定","yī dìng","出门前一定要穿好鞋。","8"
"阅读小探险","568","把话说完整","该","gāi","应该","yīng gāi","借来的书应该按时归还。","8"
"阅读小探险","569","把话说完整","将","jiāng","将来","jiāng lái","将来我想当一名医生。","9"
"阅读小探险","570","把话说完整","部","bù","全部","quán bù","我把积木全部收进盒子。","10"
"阅读小探险","571","把话说完整","常","cháng","经常","jīng cháng","我们经常一起去散步。","11"
"阅读小探险","572","把话说完整","于","yú","于是","yú shì","雨停了，于是我们出门了。","3"
"阅读小探险","573","把话说完整","万","wàn","万一","wàn yī","万一下雨，我们就到屋里玩。","3"
"阅读小探险","574","把话说完整","为","wèi","为了","wèi le","为了看日出，我们早早起床。","4"
"阅读小探险","575","把话说完整","如","rú","如果","rú guǒ","如果明天晴天，我们就去野餐。","6"
"阅读小探险","576","把话说完整","续","xù","继续","jì xù","休息一会儿，我们继续爬山。","11"
"阅读小探险","577","把话说完整","无","wú","无法","wú fǎ","门锁住了，我们无法进去。","4"
"阅读小探险","578","把话说完整","概","gài","大概","dà gài","从家到公园大概要走十分钟。","13"
"阅读小探险","579","把话说完整","各","gè","各自","gè zì","大家把各自的书包拿好。","6"
"阅读小探险","580","把话说完整","互","hù","互相","hù xiāng","好朋友会互相帮助。","4"
"阅读小探险","581","把话说完整","允","yǔn","允许","yǔn xǔ","老师允许我们带绘本来分享。","4"
"阅读小探险","582","把话说完整","趟","tàng","一趟","yī tàng","我陪爸爸去了一趟超市。","15"
"阅读小探险","583","把话说完整","虽","suī","虽然","suī rán","虽然下雨了，我们还是准时到校。","9"
"阅读小探险","584","把话说完整","须","xū","必须","bì xū","过马路时必须遵守交通规则。","9"
"阅读小探险","585","把话说完整","忽","hū","忽然","hū rán","天忽然暗了下来，快要下雨了。","8"
"阅读小探险","586","把话说完整","啥","shá","为啥","wèi shá","你知道树叶为啥会变黄吗？","11"
"阅读小探险","587","把话说完整","枚","méi","一枚","yī méi","桌上放着一枚硬币。","8"
"阅读小探险","588","感受与相处","厌","yàn","讨厌","tǎo yàn","我讨厌蚊子在耳边嗡嗡叫。","6"
"阅读小探险","589","感受与相处","迎","yíng","欢迎","huān yíng","我们拍手欢迎新来的朋友。","7"
"阅读小探险","590","感受与相处","感","gǎn","感觉","gǎn jué","摸摸毛毯，感觉软软的。","13"
"阅读小探险","591","感受与相处","羞","xiū","害羞","hài xiū","第一次上台，我有点害羞。","10"
"阅读小探险","592","感受与相处","希","xī","希望","xī wàng","我希望种下的小树健康长大。","7"
"阅读小探险","593","感受与相处","平","píng","平安","píng ān","我们平安回到了家。","5"
"阅读小探险","594","感受与相处","支","zhī","支持","zhī chí","家人支持我学习游泳。","4"
"阅读小探险","595","感受与相处","难","nán","困难","kùn nán","遇到困难时可以寻求帮助。","10"
"阅读小探险","596","感受与相处","紧","jǐn","紧张","jǐn zhāng","第一次上台，我有点紧张。","10"
"阅读小探险","597","感受与相处","情","qíng","心情","xīn qíng","今天我的心情很好。","11"
"阅读小探险","598","感受与相处","望","wàng","希望","xī wàng","我希望明天能去公园。","11"
"阅读小探险","599","感受与相处","念","niàn","想念","xiǎng niàn","出门旅行时，我很想念家人。","8"
"阅读小探险","600","感受与相处","意","yì","主意","zhǔ yì","我想到了一个收拾玩具的主意。","13"
"阅读小探险","601","感受与相处","惊","jīng","惊喜","jīng xǐ","生日那天，我收到了一个惊喜。","11"
"阅读小探险","602","感受与相处","辛","xīn","辛苦","xīn kǔ","种粮食很辛苦，我们要珍惜食物。","7"
"阅读小探险","603","感受与相处","奋","fèn","兴奋","xīng fèn","想到明天去露营，我十分兴奋。","8"
"阅读小探险","604","感受与相处","屈","qu","委屈","wěi qu","被误会时，我心里有点委屈。","8"
"阅读小探险","605","感受与相处","怒","nù","愤怒","fèn nù","感到愤怒时，先慢慢呼吸。","9"
"阅读小探险","606","感受与相处","盼","pàn","盼望","pàn wàng","我盼望着和朋友再次见面。","9"
"阅读小探险","607","感受与相处","悲","bēi","悲伤","bēi shāng","心里悲伤时，可以找人聊聊。","12"
"阅读小探险","608","感受与相处","愤","fèn","气愤","qì fèn","看到有人欺负同学，我很气愤。","12"
"阅读小探险","609","感受与相处","慌","huāng","慌张","huāng zhāng","找不到妈妈时，我有些慌张。","12"
"阅读小探险","610","感受与相处","脾","pí","脾气","pí qì","生气时，也别乱发脾气。","12"
"阅读小探险","611","感受与相处","幸","xìng","幸福","xìng fú","和家人在一起让我感到幸福。","8"
"阅读小探险","612","感受与相处","糊","hú","糊涂","hú tú","我把两个盒子记混了，有点糊涂。","15"
"阅读小探险","613","感受与相处","励","lì","鼓励","gǔ lì","老师鼓励我再试一次。","7"
"阅读小探险","614","感受与相处","糟","zāo","糟糕","zāo gāo","糟糕，我把雨伞忘在家里了。","17"
"阅读小探险","615","感受与相处","福","fú","幸福","xìng fú","和家人在一起很幸福。","13"
"阅读小探险","616","感受与相处","委","wěi","委屈","wěi qu","被误会时，我心里很委屈。","8"
"阅读小探险","617","感受与相处","愿","yuàn","愿望","yuàn wàng","我的愿望是学会骑自行车。","14"
"阅读小探险","618","感受与相处","祝","zhù","祝福","zhù fú","生日时，我收到朋友的祝福。","9"
"阅读小探险","619","感受与相处","耐","nài","耐心","nài xīn","爷爷耐心地教我折纸船。","9"
"阅读小探险","620","感受与相处","胆","dǎn","胆量","dǎn liàng","多练习能增加上台的胆量。","9"
"阅读小探险","621","感受与相处","胜","shèng","胜利","shèng lì","大家齐心协力，取得了比赛胜利。","9"
"阅读小探险","622","感受与相处","烦","fán","烦恼","fán nǎo","有了烦恼，可以和家人聊聊。","10"
"阅读小探险","623","感受与相处","密","mì","秘密","mì mì","生日礼物是什么，暂时还是个秘密。","11"
"阅读小探险","624","感受与相处","敢","gǎn","勇敢","yǒng gǎn","我勇敢地说出了自己的想法。","11"
"阅读小探险","625","感受与相处","傲","ào","骄傲","jiāo ào","我为自己的进步感到骄傲。","12"
"阅读小探险","626","感受与相处","善","shàn","善良","shàn liáng","善良的姐姐照顾着受伤的小鸟。","12"
"阅读小探险","627","感受与相处","愉","yú","愉快","yú kuài","我们在公园度过了愉快的一天。","12"
"阅读小探险","628","感受与相处","啊","a","啊呀","a ya","啊呀，我的帽子被风吹跑了！","10"
"阅读小探险","629","感受与相处","慕","mù","羡慕","xiàn mù","我很羡慕姐姐会弹钢琴。","14"
"阅读小探险","630","感受与相处","慰","wèi","安慰","ān wèi","朋友轻声安慰哭泣的我。","15"
"阅读小探险","631","故事里的世界","堡","bǎo","城堡","chéng bǎo","故事里的城堡建在山上。","12"
"阅读小探险","632","故事里的世界","丑","chǒu","丑小鸭","chǒu xiǎo yā","故事里的丑小鸭长成了天鹅。","4"
"阅读小探险","633","故事里的世界","英","yīng","英雄","yīng xióng","故事里的英雄勇敢地保护大家。","8"
"阅读小探险","634","故事里的世界","从","cóng","从前","cóng qián","从前，这里有一座小木桥。","4"
"阅读小探险","635","故事里的世界","险","xiǎn","探险","tàn xiǎn","故事里的小熊出发去森林探险。","9"
"阅读小探险","636","故事里的世界","鬼","guǐ","鬼怪","guǐ guài","故事里的鬼怪不是真的。","9"
"阅读小探险","637","故事里的世界","战","zhàn","战士","zhàn shì","故事里的战士守护家园。","9"
"阅读小探险","638","故事里的世界","仙","xiān","神仙","shén xiān","故事里的神仙能腾云驾雾。","5"
"阅读小探险","639","故事里的世界","嘿","hēi","嘿嘿","hēi hēi","小熊抱着蜂蜜罐嘿嘿地笑。","15"
"阅读小探险","640","故事里的世界","剑","jiàn","宝剑","bǎo jiàn","画里的骑士举着一把宝剑。","9"
"阅读小探险","641","故事里的世界","盾","dùn","盾牌","dùn pái","故事里的士兵举起盾牌。","9"
"阅读小探险","642","故事里的世界","殿","diàn","宫殿","gōng diàn","故事里的公主住在宫殿里。","13"
"阅读小探险","643","故事里的世界","凤","fèng","凤凰","fèng huáng","传说中的凤凰长着美丽的羽毛。","4"
"阅读小探险","644","故事里的世界","仗","zhàng","打仗","dǎ zhàng","历史书里记载了古人打仗的故事。","5"
"阅读小探险","645","生活与科学","号","hào","号码","hào mǎ","请记住家人的电话号码。","5"
"阅读小探险","646","生活与科学","第","dì","第一","dì yī","小鸭排在队伍的第一位。","11"
"阅读小探险","647","生活与科学","期","qī","星期","xīng qī","一个星期有七天。","12"
"阅读小探险","648","生活与科学","箭","jiàn","火箭","huǒ jiàn","火箭升空后飞向高高的天空。","15"
"阅读小探险","649","生活与科学","办","bàn","办法","bàn fǎ","大家一起想出了好办法。","4"
"阅读小探险","650","生活与科学","厂","chǎng","工厂","gōng chǎng","舅舅在玩具工厂工作。","2"
"阅读小探险","651","生活与科学","事","shì","事情","shì qíng","自己的事情要学着做。","8"
"阅读小探险","652","生活与科学","法","fǎ","办法","bàn fǎ","我们一起想个办法。","8"
"阅读小探险","653","生活与科学","界","jiè","世界","shì jiè","世界上有许多不同的动物。","9"
"阅读小探险","654","生活与科学","材","cái","木材","mù cái","这些木材可以用来做桌子。","7"
"阅读小探险","655","生活与科学","度","dù","温度","wēn dù","温度计能测量水的温度。","9"
"阅读小探险","656","生活与科学","闻","wén","新闻","xīn wén","爸爸正在收看晚间新闻。","9"
"阅读小探险","657","生活与科学","治","zhì","治疗","zhì liáo","生病后要按医生的建议治疗。","8"
"阅读小探险","658","生活与科学","速","sù","速度","sù dù","小汽车上坡时降低了速度。","10"
"阅读小探险","659","生活与科学","预","yù","预报","yù bào","天气预报说，明天会下雨。","10"
"阅读小探险","660","生活与科学","磁","cí","磁铁","cí tiě","磁铁能吸住铁钉。","14"
"阅读小探险","661","生活与科学","科","kē","科学","kē xué","科学课上，我们观察种子。","9"
"阅读小探险","662","生活与科学","丝","sī","蚕丝","cán sī","蚕丝可以用来织成丝绸。","5"
"阅读小探险","663","生活与科学","测","cè","测量","cè liáng","我们用尺子测量桌子的长度。","9"
"阅读小探险","664","生活与科学","坝","bà","水坝","shuǐ bà","这座水坝可以拦蓄河水。","7"
"阅读小探险","665","生活与科学","结","jié","结果","jié guǒ","我们一起等比赛结果。","9"
"阅读小探险","666","生活与科学","符","fú","符号","fú hào","地图用不同符号标出河流和道路。","11"
"阅读小探险","667","生活与科学","筑","zhù","建筑","jiàn zhù","这座古老的建筑保存得很好。","12"
"阅读小探险","668","生活与科学","炭","tàn","木炭","mù tàn","木炭燃烧时不能放在密闭室内。","9"
"阅读小探险","669","生活与科学","价","jià","价格","jià gé","买东西前，先看看价格。","6"
"阅读小探险","670","生活与科学","寸","cùn","尺寸","chǐ cùn","买鞋时要选合适的尺寸。","3"
"阅读小探险","671","生活与科学","术","shù","手术","shǒu shù","医生在手术室里做手术。","5"
"阅读小探险","672","生活与科学","斤","jīn","公斤","gōng jīn","这袋大米的重量是五公斤。","4"
"阅读小探险","673","生活与科学","燃","rán","燃烧","rán shāo","木柴燃烧时，会发出热量。","16"
"阅读小探险","674","生活与科学","量","liàng","重量","zhòng liàng","这台秤可以测出南瓜的重量。","12"
"阅读小探险","675","生活与科学","址","zhǐ","地址","dì zhǐ","寄信时要写清收信人的地址。","7"
"阅读小探险","676","生活与科学","厘","lí","厘米","lí mǐ","这支铅笔大约长十五厘米。","9"
"阅读小探险","677","生活与科学","毒","dú","有毒","yǒu dú","有毒的蘑菇不能采来吃。","9"
"阅读小探险","678","文化与社会","笛","dí","笛子","dí zǐ","爷爷吹笛子给我们听。","11"
"阅读小探险","679","文化与社会","谜","mí","谜语","mí yǔ","老师出了一个有趣的谜语。","11"
"阅读小探险","680","文化与社会","曲","qǔ","歌曲","gē qǔ","我们一起唱起了熟悉的歌曲。","6"
"阅读小探险","681","文化与社会","元","yuán","元旦","yuán dàn","元旦那天，我们一起看演出。","4"
"阅读小探险","682","文化与社会","拜","bài","拜年","bài nián","春节时，我们去给爷爷拜年。","9"
"阅读小探险","683","文化与社会","节","jié","节日","jié rì","节日里，街上挂起了彩灯。","5"
"阅读小探险","684","文化与社会","诗","shī","古诗","gǔ shī","奶奶教我读一首古诗。","8"
"阅读小探险","685","文化与社会","旦","dàn","元旦","yuán dàn","元旦时我们互送祝福。","5"
"阅读小探险","686","文化与社会","汉","hàn","汉语","hàn yǔ","我们用汉语讲述身边的故事。","5"
"阅读小探险","687","文化与社会","团","tuán","团圆","tuán yuán","中秋节是家人团圆的日子。","6"
"阅读小探险","688","文化与社会","器","qì","乐器","yuè qì","音乐教室里有许多乐器。","16"
"阅读小探险","689","文化与社会","博","bó","博物馆","bó wù guǎn","博物馆里有恐龙骨架。","12"
"阅读小探险","690","文化与社会","魔","mó","魔术","mó shù","叔叔表演了一个纸牌魔术。","20"
"阅读小探险","691","文化与社会","鞭","biān","鞭炮","biān pào","过年时，我们在画里画上鞭炮。","18"
"阅读小探险","692","文化与社会","弓","gōng","弓箭","gōng jiàn","博物馆里陈列着古代的弓箭。","3"
"阅读小探险","693","文化与社会","览","lǎn","展览","zhǎn lǎn","我们去看儿童画展览。","9"
"阅读小探险","694","文化与社会","寺","sì","寺庙","sì miào","山脚下有一座古老的寺庙。","6"
"阅读小探险","695","文化与社会","舟","zhōu","龙舟","lóng zhōu","端午节，河上举行了龙舟比赛。","6"
"阅读小探险","696","文化与社会","弦","xián","琴弦","qín xián","姐姐轻轻拨动吉他的琴弦。","8"
"阅读小探险","697","文化与社会","宫","gōng","故宫","gù gōng","故宫里保存着许多古代文物。","9"
"阅读小探险","698","文化与社会","陶","táo","陶瓷","táo cí","这个花瓶是用陶瓷做的。","10"
"阅读小探险","699","文化与社会","铜","tóng","铜钱","tóng qián","博物馆里展出了一些古代铜钱。","11"
"阅读小探险","700","文化与社会","婚","hūn","婚礼","hūn lǐ","姐姐的婚礼上摆着鲜花。","11"
"进阶挑战","1","家人和朋友","丈","zhàng","丈夫","zhàng fu","她的丈夫抱着孩子走进门。","3"
"进阶挑战","2","家人和朋友","援","yuán","救援","jiù yuán","救援人员赶到了山里。","12"
"进阶挑战","3","家人和朋友","盲","máng","盲人","máng rén","盲人可以用手指阅读盲文。","8"
"进阶挑战","4","家人和朋友","性","xìng","性格","xìng gé","姐姐的性格很开朗。","8"
"进阶挑战","5","家人和朋友","宾","bīn","宾客","bīn kè","主人在门口迎接到来的宾客。","10"
"进阶挑战","6","家人和朋友","嘉","jiā","嘉宾","jiā bīn","主持人请嘉宾上台讲话。","14"
"进阶挑战","7","家人和朋友","冯","féng","姓冯","xìng féng","我们的体育老师姓冯。","5"
"进阶挑战","8","家人和朋友","裁","cái","裁缝","cái feng","裁缝正在给衣服缝纽扣。","12"
"进阶挑战","9","家人和朋友","骂","mà","责骂","zé mà","沟通时不要责骂别人。","9"
"进阶挑战","10","家人和朋友","实","shí","诚实","chéng shí","做错事也要诚实地说出来。","8"
"进阶挑战","11","家人和朋友","赖","lài","依赖","yī lài","小宝宝的生活依赖大人照顾。","13"
"进阶挑战","12","家人和朋友","嫁","jià","出嫁","chū jià","姑姑出嫁时，全家人来祝福。","13"
"进阶挑战","13","家人和朋友","彼","bǐ","彼此","bǐ cǐ","好朋友之间要彼此关心。","8"
"进阶挑战","14","家人和朋友","媳","xí","儿媳","ér xí","奶奶和儿媳一起准备晚饭。","13"
"进阶挑战","15","家人和朋友","爹","diē","爹娘","diē niáng","故事里的小牛找到了爹娘。","10"
"进阶挑战","16","家人和朋友","岗","gǎng","岗位","gǎng wèi","交警在岗位上指挥交通。","7"
"进阶挑战","17","家人和朋友","职","zhí","职业","zhí yè","医生和厨师都是职业。","11"
"进阶挑战","18","家人和朋友","逢","féng","相逢","xiāng féng","老朋友在车站相逢了。","10"
"进阶挑战","19","家人和朋友","私","sī","隐私","yǐn sī","日记里有隐私，不能随便翻看。","7"
"进阶挑战","20","家人和朋友","予","yǔ","给予","jǐ yǔ","家人给予我很多关爱。","4"
"进阶挑战","21","家人和朋友","杰","jié","杰出","jié chū","这位科学家作出了杰出的贡献。","8"
"进阶挑战","22","家人和朋友","贫","pín","贫困","pín kùn","大家捐出书本，帮助贫困家庭。","8"
"进阶挑战","23","家人和朋友","契","qì","默契","mò qì","我们配合默契，很快搭好了积木。","9"
"进阶挑战","24","家人和朋友","副","fù","副手","fù shǒu","做小实验时，我当爸爸的副手。","11"
"进阶挑战","25","家人和朋友","辱","rǔ","侮辱","wǔ rǔ","拿别人的身体开玩笑是在侮辱人。","10"
"进阶挑战","26","家人和朋友","屠","tú","屠夫","tú fū","屠夫从事宰杀牲畜的工作。","11"
"进阶挑战","27","家人和朋友","盟","méng","联盟","lián méng","几支球队组成了一个联盟。","13"
"进阶挑战","28","家人和朋友","谐","xié","和谐","hé xié","邻居们互相帮助，相处和谐。","11"
"进阶挑战","29","家人和朋友","晋","jìn","晋升","jìn shēng","哥哥努力工作后获得了晋升。","10"
"进阶挑战","30","身体与健康","弱","ruò","虚弱","xū ruò","小猫生病了，身体很虚弱。","10"
"进阶挑战","31","身体与健康","疾","jí","疾病","jí bìng","勤洗手有助于预防一些疾病。","10"
"进阶挑战","32","身体与健康","眠","mián","睡眠","shuì mián","充足的睡眠有助于身体成长。","10"
"进阶挑战","33","身体与健康","吞","tūn","吞咽","tūn yàn","吃东西要嚼细后再吞咽。","7"
"进阶挑战","34","身体与健康","敏","mǐn","过敏","guò mǐn","花粉过敏会让人打喷嚏。","11"
"进阶挑战","35","身体与健康","官","guān","五官","wǔ guān","眉、眼、耳、鼻、口合称五官。","8"
"进阶挑战","36","身体与健康","泻","xiè","腹泻","fù xiè","腹泻时要告诉大人并及时就医。","8"
"进阶挑战","37","身体与健康","胀","zhàng","肿胀","zhǒng zhàng","医生检查了他肿胀的脚踝。","8"
"进阶挑战","38","身体与健康","咽","yàn","吞咽","tūn yàn","吃饭时要慢慢咀嚼再吞咽。","9"
"进阶挑战","39","身体与健康","哑","yǎ","沙哑","shā yǎ","感冒后，我的声音有些沙哑。","9"
"进阶挑战","40","身体与健康","防","fáng","预防","yù fáng","勤洗手有助于预防疾病。","6"
"进阶挑战","41","身体与健康","衡","héng","平衡","píng héng","骑自行车时，要保持身体平衡。","16"
"进阶挑战","42","身体与健康","裸","luǒ","裸露","luǒ lù","冬天要护好裸露的皮肤。","13"
"进阶挑战","43","身体与健康","肠","cháng","肠道","cháng dào","肠道帮助身体消化和吸收食物。","7"
"进阶挑战","44","身体与健康","肪","fáng","脂肪","zhī fáng","身体需要适量的脂肪。","8"
"进阶挑战","45","身体与健康","恢","huī","恢复","huī fù","休息一会儿后，我恢复了力气。","9"
"进阶挑战","46","身体与健康","益","yì","有益","yǒu yì","适量运动对身体有益。","10"
"进阶挑战","47","身体与健康","忌","jì","忌口","jì kǒu","生病时是否忌口，要问医生。","7"
"进阶挑战","48","身体与健康","颤","chàn","颤抖","chàn dǒu","小猫淋了雨，冷得直颤抖。","19"
"进阶挑战","49","身体与健康","倦","juàn","疲倦","pí juàn","走了很久，我们都有些疲倦。","10"
"进阶挑战","50","身体与健康","症","zhèng","症状","zhèng zhuàng","发烧和咳嗽可能是生病的症状。","10"
"进阶挑战","51","身体与健康","抢","qiǎng","抢救","qiǎng jiù","医生正在抢救受伤的人。","7"
"进阶挑战","52","身体与健康","嗅","xiù","嗅觉","xiù jué","小狗用灵敏的嗅觉寻找食物。","13"
"进阶挑战","53","身体与健康","肝","gān","肝脏","gān zāng","肝脏能储存和转化营养物质。","7"
"进阶挑战","54","身体与健康","肺","fèi","肺部","fèi bù","肺部帮助我们吸收氧气。","8"
"进阶挑战","55","身体与健康","肾","shèn","肾脏","shèn zāng","肾脏能过滤血液，帮助形成尿液。","8"
"进阶挑战","56","身体与健康","僵","jiāng","僵硬","jiāng yìng","坐得太久，肩膀有些僵硬。","15"
"进阶挑战","57","身体与健康","脉","mài","脉搏","mài bó","医生用手指轻轻摸我的脉搏。","9"
"进阶挑战","58","身体与健康","脂","zhī","脂肪","zhī fáng","脂肪能为身体储存能量。","10"
"进阶挑战","59","身体与健康","唾","tuò","唾液","tuò yè","唾液能湿润食物，帮助吞咽。","11"
"进阶挑战","60","身体与健康","患","huàn","患者","huàn zhě","医生正在仔细照顾患者。","11"
"进阶挑战","61","身体与健康","躯","qū","身躯","shēn qū","大象用庞大的身躯挡住小象。","11"
"进阶挑战","62","身体与健康","钙","gài","补钙","bǔ gài","是否需要补钙，要听医生建议。","9"
"进阶挑战","63","身体与健康","脊","jǐ","脊柱","jǐ zhù","脊柱帮助支撑我们的身体。","10"
"进阶挑战","64","身体与健康","欲","yù","食欲","shí yù","运动后，我的食欲变好了。","11"
"进阶挑战","65","身体与健康","泌","mì","分泌","fēn mì","我们的口腔会分泌唾液。","8"
"进阶挑战","66","身体与健康","愈","yù","痊愈","quán yù","小狗的伤口痊愈后，又能跑了。","13"
"进阶挑战","67","身体与健康","抗","kàng","抵抗","dǐ kàng","免疫系统帮助身体抵抗病菌。","7"
"进阶挑战","68","身体与健康","疫","yì","防疫","fáng yì","社区工作人员正在讲解防疫知识。","9"
"进阶挑战","69","身体与健康","粪","fèn","粪便","fèn biàn","上完厕所要冲走粪便。","12"
"进阶挑战","70","身体与健康","孕","yùn","怀孕","huái yùn","妈妈怀孕时，宝宝在子宫里成长。","5"
"进阶挑战","71","身体与健康","腺","xiàn","汗腺","hàn xiàn","汗腺分泌汗液，汗液蒸发帮助散热。","13"
"进阶挑战","72","身体与健康","髓","suǐ","骨髓","gǔ suǐ","骨髓中的红骨髓具有造血功能。","21"
"进阶挑战","73","身体与健康","溃","kuì","溃疡","kuì yáng","口腔溃疡会让嘴里疼。","12"
"进阶挑战","74","身体与健康","瘤","liú","肿瘤","zhǒng liú","肿瘤需要由医生检查判断。","15"
"进阶挑战","75","身体与健康","癌","ái","癌症","ái zhèng","医生会根据病情治疗癌症。","17"
"进阶挑战","76","食物和餐桌","滋","zī","滋味","zī wèi","我喜欢草莓酸酸甜甜的滋味。","12"
"进阶挑战","77","食物和餐桌","葛","gě","葛根","gě gēn","葛根粉是用葛根加工的。","12"
"进阶挑战","78","食物和餐桌","磨","mò","磨面","mò miàn","爷爷把麦子送到作坊磨面。","16"
"进阶挑战","79","动物伙伴","翼","yì","羽翼","yǔ yì","小鸟展开羽翼，飞向蓝天。","17"
"进阶挑战","80","动物伙伴","螺","luó","田螺","tián luó","水田里的田螺背着螺旋形的壳。","17"
"进阶挑战","81","动物伙伴","饲","sì","饲养","sì yǎng","饲养小动物要了解它们的习性。","8"
"进阶挑战","82","动物伙伴","鸣","míng","鸣叫","míng jiào","清晨，鸟儿在枝头鸣叫。","8"
"进阶挑战","83","动物伙伴","捕","bǔ","捕食","bǔ shí","青蛙伸出舌头捕食小虫。","10"
"进阶挑战","84","动物伙伴","啼","tí","啼叫","tí jiào","清晨，公鸡在院子里啼叫。","12"
"进阶挑战","85","动物伙伴","孵","fū","孵化","fū huà","小鸡从鸡蛋里孵化出来了。","14"
"进阶挑战","86","动物伙伴","牲","shēng","牲畜","shēng chù","牛羊是农场里常见的牲畜。","9"
"进阶挑战","87","动物伙伴","珊","shān","珊瑚","shān hú","海水里生长着美丽的珊瑚。","9"
"进阶挑战","88","动物伙伴","翠","cuì","翠鸟","cuì niǎo","翠鸟站在河边的树枝上。","14"
"进阶挑战","89","动物伙伴","畜","chù","牲畜","shēng chù","农场里养着牛和羊等牲畜。","10"
"进阶挑战","90","动物伙伴","禽","qín","家禽","jiā qín","鸡和鸭都是常见的家禽。","12"
"进阶挑战","91","动物伙伴","鸿","hóng","鸿雁","hóng yàn","秋天，鸿雁成群飞向南方。","11"
"进阶挑战","92","动物伙伴","伪","wěi","伪装","wěi zhuāng","竹节虫靠伪装躲过敌人。","6"
"进阶挑战","93","动物伙伴","迁","qiān","迁徙","qiān xǐ","秋天，大雁开始向南迁徙。","6"
"进阶挑战","94","动物伙伴","雌","cí","雌鸟","cí niǎo","有些雌鸟和雄鸟的羽毛不同。","14"
"进阶挑战","95","动物伙伴","栖","qī","栖息","qī xī","白鹭在湖边的湿地栖息。","10"
"进阶挑战","96","自然四季","蕾","lěi","花蕾","huā lěi","枝头的花蕾还没有开放。","16"
"进阶挑战","97","自然四季","旱","hàn","干旱","gān hàn","干旱让地里的泥土裂开了。","7"
"进阶挑战","98","自然四季","芬","fēn","芬芳","fēn fāng","花园里飘着花朵的芬芳。","7"
"进阶挑战","99","自然四季","穗","suì","麦穗","mài suì","成熟的麦穗在风中轻轻摇摆。","17"
"进阶挑战","100","自然四季","昏","hūn","黄昏","huáng hūn","黄昏时，天边出现了晚霞。","8"
"进阶挑战","101","自然四季","映","yìng","倒映","dǎo yìng","白云倒映在平静的湖水里。","9"
"进阶挑战","102","自然四季","洪","hóng","洪水","hóng shuǐ","洪水退去后，人们清理街道。","9"
"进阶挑战","103","自然四季","浓","nóng","浓雾","nóng wù","浓雾遮住了远处的山。","9"
"进阶挑战","104","自然四季","藻","zǎo","海藻","hǎi zǎo","海藻在海水中轻轻摆动。","19"
"进阶挑战","105","自然四季","命","mìng","生命","shēng mìng","小小的种子也有生命。","8"
"进阶挑战","106","自然四季","涛","tāo","波涛","bō tāo","海上的波涛拍打着礁石。","10"
"进阶挑战","107","自然四季","涨","zhǎng","涨水","zhǎng shuǐ","连续下雨后，小河涨水了。","10"
"进阶挑战","108","自然四季","壤","rǎng","土壤","tǔ rǎng","松软的土壤适合植物生长。","20"
"进阶挑战","109","自然四季","截","jié","一截","yī jié","地上有一截断掉的树枝。","14"
"进阶挑战","110","自然四季","淹","yān","淹没","yān mò","涨起来的河水淹没了岸边的小路。","11"
"进阶挑战","111","自然四季","萎","wěi","枯萎","kū wěi","缺水的小草慢慢枯萎了。","11"
"进阶挑战","112","自然四季","朝","zhāo","朝阳","zhāo yáng","朝阳把云朵染成了金色。","12"
"进阶挑战","113","自然四季","辉","huī","光辉","guāng huī","月亮的光辉洒在湖面上。","12"
"进阶挑战","114","自然四季","源","yuán","水源","shuǐ yuán","我们要保护河流的水源。","13"
"进阶挑战","115","自然四季","杉","shān","杉树","shān shù","山坡上的杉树长得又高又直。","7"
"进阶挑战","116","自然四季","踪","zōng","踪迹","zōng jì","我们沿着脚印寻找小鹿的踪迹。","15"
"进阶挑战","117","自然四季","初","chū","初春","chū chūn","初春的河边长出了嫩草。","7"
"进阶挑战","118","自然四季","沃","wò","肥沃","féi wò","肥沃的土壤适合庄稼生长。","7"
"进阶挑战","119","自然四季","苏","sū","苏醒","sū xǐng","冬眠的小动物在春天苏醒了。","7"
"进阶挑战","120","自然四季","茂","mào","茂密","mào mì","茂密的树林里住着许多鸟。","8"
"进阶挑战","121","自然四季","诞","dàn","诞生","dàn shēng","小企鹅破壳而出，新生命诞生了。","8"
"进阶挑战","122","自然四季","境","jìng","环境","huán jìng","大家一起爱护校园环境。","14"
"进阶挑战","123","自然四季","伐","fá","砍伐","kǎn fá","过度砍伐会破坏森林。","6"
"进阶挑战","124","自然四季","礁","jiāo","礁石","jiāo shí","海浪拍打着岸边的礁石。","17"
"进阶挑战","125","自然四季","酷","kù","酷暑","kù shǔ","酷暑时，要注意补水和防晒。","14"
"进阶挑战","126","自然四季","泽","zé","沼泽","zhǎo zé","科普书里画着湿软的沼泽。","8"
"进阶挑战","127","自然四季","藤","téng","藤条","téng tiáo","爷爷用藤条编了一只篮子。","18"
"进阶挑战","128","自然四季","峡","xiá","峡谷","xiá gǔ","河水从深深的峡谷中流过。","9"
"进阶挑战","129","自然四季","亡","wáng","死亡","sǐ wáng","植物缺水太久可能会死亡。","3"
"进阶挑战","130","自然四季","涌","yǒng","涌出","yǒng chū","泉水从石缝里不断涌出。","10"
"进阶挑战","131","自然四季","崩","bēng","崩塌","bēng tā","大雨后，那段土坡崩塌了。","11"
"进阶挑战","132","自然四季","萌","méng","萌芽","méng yá","春雨过后，种子开始萌芽。","11"
"进阶挑战","133","自然四季","袭","xí","袭击","xí jī","暴风雨袭击了海边的小镇。","11"
"进阶挑战","134","自然四季","垄","lǒng","田垄","tián lǒng","爷爷沿着田垄走向菜地。","8"
"进阶挑战","135","自然四季","岳","yuè","山岳","shān yuè","地图上标出了高大的山岳。","8"
"进阶挑战","136","自然四季","茅","máo","茅草","máo cǎo","旧房子的屋顶铺着茅草。","8"
"进阶挑战","137","自然四季","茎","jīng","茎叶","jīng yè","向日葵的茎叶上有细毛。","8"
"进阶挑战","138","自然四季","凌","líng","冰凌","bīng líng","屋檐下挂着一根根冰凌。","10"
"进阶挑战","139","自然四季","株","zhū","植株","zhí zhū","这棵番茄的植株长得很健壮。","10"
"进阶挑战","140","自然四季","桦","huà","白桦","bái huà","白桦的树皮常常是白色的。","10"
"进阶挑战","141","自然四季","逆","nì","逆风","nì fēng","小船逆风前进，速度很慢。","9"
"进阶挑战","142","自然四季","朽","xiǔ","腐朽","fǔ xiǔ","这根旧木头已经腐朽了。","6"
"进阶挑战","143","自然四季","渗","shèn","渗入","shèn rù","雨水慢慢渗入泥土。","11"
"进阶挑战","144","自然四季","埃","āi","尘埃","chén āi","阳光下能看见细小的尘埃。","10"
"进阶挑战","145","自然四季","黎","lí","黎明","lí míng","黎明时，天空渐渐亮了起来。","15"
"进阶挑战","146","自然四季","蔽","bì","遮蔽","zhē bì","茂密的树叶遮蔽了阳光。","14"
"进阶挑战","147","自然四季","骤","zhòu","骤雨","zhòu yǔ","一阵骤雨打湿了窗台。","17"
"进阶挑战","148","自然四季","浩","hào","浩瀚","hào hàn","夜空中有浩瀚的星海。","10"
"进阶挑战","149","家里的发现","券","quàn","优惠券","yōu huì quàn","妈妈用优惠券买了一盒牛奶。","8"
"进阶挑战","150","家里的发现","播","bō","广播","guǎng bō","广播里传来了天气预报。","15"
"进阶挑战","151","家里的发现","账","zhàng","账本","zhàng běn","奶奶把买菜的花费记在账本上。","8"
"进阶挑战","152","家里的发现","砂","shā","砂纸","shā zhǐ","爸爸用砂纸把木板磨光滑。","9"
"进阶挑战","153","家里的发现","阁","gé","阁楼","gé lóu","阁楼的小窗照进一束阳光。","9"
"进阶挑战","154","家里的发现","炕","kàng","火炕","huǒ kàng","北方有些人家用火炕取暖。","8"
"进阶挑战","155","家里的发现","塌","tā","倒塌","dǎo tā","大风过后，旧围墙倒塌了。","13"
"进阶挑战","156","家里的发现","铝","lǚ","铝箔","lǚ bó","妈妈用铝箔包好烤熟的土豆。","11"
"进阶挑战","157","幼儿园与校园","资","zī","资料","zī liào","我们查找了有关恐龙的资料。","10"
"进阶挑战","158","幼儿园与校园","顿","dùn","停顿","tíng dùn","读到逗号时，可以稍作停顿。","10"
"进阶挑战","159","幼儿园与校园","徽","huī","校徽","xiào huī","姐姐的校服上绣着校徽。","17"
"进阶挑战","160","幼儿园与校园","任","rèn","任务","rèn wu","今天的任务是给花浇水。","6"
"进阶挑战","161","幼儿园与校园","括","kuò","括号","kuò hào","请在括号里填上合适的数。","9"
"进阶挑战","162","幼儿园与校园","颁","bān","颁奖","bān jiǎng","运动会结束后，老师给选手颁奖。","10"
"进阶挑战","163","幼儿园与校园","描","miáo","描画","miáo huà","我用铅笔描画小猫的样子。","11"
"进阶挑战","164","幼儿园与校园","讨","tǎo","讨论","tǎo lùn","大家一起讨论春游去哪里。","5"
"进阶挑战","165","幼儿园与校园","篇","piān","一篇","yī piān","姐姐读完了一篇童话。","15"
"进阶挑战","166","幼儿园与校园","评","píng","评价","píng jià","老师认真评价了我的画。","7"
"进阶挑战","167","幼儿园与校园","例","lì","例子","lì zǐ","老师举了一个有趣的例子。","8"
"进阶挑战","168","幼儿园与校园","拟","nǐ","模拟","mó nǐ","课堂上，我们模拟了一次购物。","7"
"进阶挑战","169","幼儿园与校园","绩","jì","成绩","chéng jì","练习之后，我的跳绳成绩提高了。","11"
"进阶挑战","170","幼儿园与校园","俱","jù","俱乐部","jù lè bù","姐姐加入了学校的绘画俱乐部。","10"
"进阶挑战","171","幼儿园与校园","竞","jìng","竞赛","jìng sài","同学们参加了知识竞赛。","10"
"进阶挑战","172","幼儿园与校园","辅","fǔ","辅导","fǔ dǎo","老师正在辅导同学做练习。","11"
"进阶挑战","173","幼儿园与校园","责","zé","责任","zé rèn","照顾好班里的小花是我的责任。","8"
"进阶挑战","174","幼儿园与校园","刊","kān","期刊","qī kān","图书馆每月都会收到新期刊。","5"
"进阶挑战","175","幼儿园与校园","申","shēn","申请","shēn qǐng","姐姐向学校申请借用画架。","5"
"进阶挑战","176","幼儿园与校园","署","shǔ","署名","shǔ míng","画好作品后，我在角落署名。","13"
"进阶挑战","177","幼儿园与校园","倡","chàng","提倡","tí chàng","学校提倡大家节约用水。","10"
"进阶挑战","178","幼儿园与校园","喻","yù","比喻","bǐ yù","把月亮说成小船是一种比喻。","12"
"进阶挑战","179","幼儿园与校园","巩","gǒng","巩固","gǒng gù","每天复习可以巩固学过的知识。","6"
"进阶挑战","180","幼儿园与校园","辩","biàn","辩论","biàn lùn","同学们围绕这个问题展开辩论。","16"
"进阶挑战","181","幼儿园与校园","础","chǔ","基础","jī chǔ","认清数字是学习算术的基础。","10"
"进阶挑战","182","幼儿园与校园","纲","gāng","提纲","tí gāng","姐姐先列提纲，再写作文。","7"
"进阶挑战","183","幼儿园与校园","培","péi","培养","péi yǎng","阅读能培养我们的想象力。","11"
"进阶挑战","184","幼儿园与校园","届","jiè","本届","běn jiè","本届运动会增加了跳绳比赛。","8"
"进阶挑战","185","幼儿园与校园","析","xī","分析","fēn xī","老师和我们一起分析实验结果。","8"
"进阶挑战","186","幼儿园与校园","叙","xù","叙述","xù shù","请按顺序叙述事情的经过。","9"
"进阶挑战","187","幼儿园与校园","授","shòu","传授","chuán shòu","爷爷把种菜的经验传授给我。","11"
"进阶挑战","188","幼儿园与校园","略","lüè","省略","shěng lüè","这个故事省略了旅行的细节。","11"
"进阶挑战","189","幼儿园与校园","旨","zhǐ","主旨","zhǔ zhǐ","读完故事，我们讨论它的主旨。","6"
"进阶挑战","190","出行与社区","抵","dǐ","抵达","dǐ dá","轮船傍晚抵达港口。","8"
"进阶挑战","191","出行与社区","泊","bó","停泊","tíng bó","几只小船停泊在岸边。","8"
"进阶挑战","192","出行与社区","郊","jiāo","郊外","jiāo wài","周末，我们去郊外看油菜花。","8"
"进阶挑战","193","出行与社区","徒","tú","徒步","tú bù","我们沿着山间小路徒步前行。","10"
"进阶挑战","194","出行与社区","航","háng","航行","háng xíng","轮船正在海面上航行。","10"
"进阶挑战","195","出行与社区","州","zhōu","广州","guǎng zhōu","广州是一座温暖的城市。","6"
"进阶挑战","196","出行与社区","颠","diān","颠簸","diān bǒ","山路不平，车子一路颠簸。","16"
"进阶挑战","197","出行与社区","舱","cāng","船舱","chuán cāng","下雨了，大家走进船舱。","10"
"进阶挑战","198","出行与社区","途","tú","途中","tú zhōng","旅行途中，我们看见了一片花海。","10"
"进阶挑战","199","出行与社区","障","zhàng","障碍","zhàng ài","路上的大石头成了通行的障碍。","13"
"进阶挑战","200","出行与社区","祸","huò","车祸","chē huò","交警正在处理一起车祸。","11"
"进阶挑战","201","出行与社区","杭","háng","杭州","háng zhōu","杭州的西湖边种着许多柳树。","8"
"进阶挑战","202","出行与社区","载","zài","装载","zhuāng zài","货车装载着一箱箱水果。","10"
"进阶挑战","203","出行与社区","韩","hán","韩国","hán guó","我在地图上找到了韩国。","12"
"进阶挑战","204","出行与社区","澳","ào","澳门","ào mén","地图上能找到澳门的位置。","15"
"进阶挑战","205","出行与社区","伊","yī","伊犁","yī lí","伊犁的草原上有成群的牛羊。","6"
"进阶挑战","206","出行与社区","限","xiàn","限速","xiàn sù","这条路的限速标志写着三十。","8"
"进阶挑战","207","出行与社区","浦","pǔ","黄浦江","huáng pǔ jiāng","黄浦江流经上海。","10"
"进阶挑战","208","每天做的事","巡","xún","巡逻","xún luó","警察正在公园附近巡逻。","6"
"进阶挑战","209","每天做的事","驰","chí","奔驰","bēn chí","骏马在草原上奔驰。","6"
"进阶挑战","210","每天做的事","代","dài","代替","dài tì","今天用彩纸代替树叶做手工。","5"
"进阶挑战","211","每天做的事","驱","qū","驱赶","qū gǎn","农民挥着手，驱赶田里的麻雀。","7"
"进阶挑战","212","每天做的事","尽","jìn","尽力","jìn lì","这次比赛我会尽力跑。","6"
"进阶挑战","213","每天做的事","拢","lǒng","合拢","hé lǒng","含羞草的叶子慢慢合拢了。","8"
"进阶挑战","214","每天做的事","牧","mù","牧羊","mù yáng","牧羊人带着羊群走向草地。","8"
"进阶挑战","215","每天做的事","搜","sōu","搜索","sōu suǒ","我们在地图上搜索图书馆。","12"
"进阶挑战","216","每天做的事","款","kuǎn","付款","fù kuǎn","买好水果，爸爸去柜台付款。","12"
"进阶挑战","217","每天做的事","养","yǎng","养护","yǎng hù","园丁每天认真养护花园里的植物。","9"
"进阶挑战","218","每天做的事","施","shī","施肥","shī féi","农民按庄稼的需要施肥。","9"
"进阶挑战","219","每天做的事","染","rǎn","染色","rǎn sè","这块布用植物颜料染色。","9"
"进阶挑战","220","每天做的事","砌","qì","砌墙","qì qiáng","工人师傅正在用砖砌墙。","9"
"进阶挑战","221","每天做的事","砍","kǎn","砍伐","kǎn fá","我们不能随意砍伐树木。","9"
"进阶挑战","222","每天做的事","捞","lāo","打捞","dǎ lāo","工作人员正在打捞河里的垃圾。","10"
"进阶挑战","223","每天做的事","绝","jué","拒绝","jù jué","遇到危险的邀请要拒绝。","9"
"进阶挑战","224","每天做的事","赚","zhuàn","赚钱","zhuàn qián","爸爸妈妈通过劳动赚钱。","14"
"进阶挑战","225","每天做的事","勒","lè","勒紧","lè jǐn","鞋带勒紧了，脚有些不舒服。","11"
"进阶挑战","226","每天做的事","悬","xuán","悬挂","xuán guà","屋檐下悬挂着一串风铃。","11"
"进阶挑战","227","每天做的事","掠","lüè","掠过","lüè guò","一只燕子从水面掠过。","11"
"进阶挑战","228","每天做的事","掩","yǎn","掩盖","yǎn gài","落叶掩盖了地上的小石子。","11"
"进阶挑战","229","每天做的事","救","jiù","救援","jiù yuán","救援人员把受困的人带到安全处。","11"
"进阶挑战","230","每天做的事","逻","luó","巡逻","xún luó","警察叔叔在街上巡逻。","11"
"进阶挑战","231","每天做的事","却","què","冷却","lěng què","热汤冷却一会儿再喝。","7"
"进阶挑战","232","每天做的事","割","gē","收割","shōu gē","农民开着机器收割稻谷。","12"
"进阶挑战","233","每天做的事","逼","bī","逼近","bī jìn","乌云从远处慢慢逼近。","12"
"进阶挑战","234","每天做的事","创","chuàng","创造","chuàng zào","我们用积木创造了一座小城。","6"
"进阶挑战","235","每天做的事","守","shǒu","遵守","zūn shǒu","过马路要遵守交通规则。","6"
"进阶挑战","236","每天做的事","负","fù","负责","fù zé","今天我负责给盆栽浇水。","6"
"进阶挑战","237","每天做的事","携","xié","携带","xié dài","出门远足时，要携带足够的水。","13"
"进阶挑战","238","每天做的事","毁","huǐ","毁坏","huǐ huài","暴风雨毁坏了旧木桥。","13"
"进阶挑战","239","每天做的事","溢","yì","溢出","yì chū","水杯太满，水从杯口溢出。","13"
"进阶挑战","240","每天做的事","缠","chán","缠绕","chán rào","藤蔓缠绕在竹竿上。","13"
"进阶挑战","241","每天做的事","联","lián","联系","lián xì","到了车站，爸爸联系了姑姑。","12"
"进阶挑战","242","每天做的事","判","pàn","判断","pàn duàn","先观察，再判断哪杯水更多。","7"
"进阶挑战","243","每天做的事","妨","fáng","妨碍","fáng ài","书包放在门口会妨碍通行。","7"
"进阶挑战","244","每天做的事","劝","quàn","劝说","quàn shuō","姐姐劝说弟弟不要踩草坪。","4"
"进阶挑战","245","每天做的事","漫","màn","漫步","màn bù","晚饭后，我们在河边漫步。","14"
"进阶挑战","246","每天做的事","瞅","chǒu","瞅见","chǒu jiàn","我瞅见小猫躲在门后。","14"
"进阶挑战","247","每天做的事","供","gōng","提供","tí gōng","图书馆为读者提供座位。","8"
"进阶挑战","248","每天做的事","承","chéng","承认","chéng rèn","我承认刚才拿错了水杯。","8"
"进阶挑战","249","每天做的事","肯","kěn","肯定","kěn dìng","老师肯定了我们的努力。","8"
"进阶挑战","250","每天做的事","召","zhào","召集","zhào jí","老师召集同学们商量春游的安排。","5"
"进阶挑战","251","每天做的事","叮","dīng","叮嘱","dīng zhǔ","出门前，妈妈叮嘱我注意安全。","5"
"进阶挑战","252","每天做的事","潜","qián","潜水","qián shuǐ","潜水员在海里观察珊瑚。","15"
"进阶挑战","253","每天做的事","省","shěng","节省","jié shěng","随手关灯，可以节省用电。","9"
"进阶挑战","254","每天做的事","夺","duó","夺冠","duó guàn","这支球队在比赛中夺冠了。","6"
"进阶挑战","255","每天做的事","呵","hē","呵护","hē hù","爸爸妈妈用心呵护孩子。","8"
"进阶挑战","256","每天做的事","替","tì","代替","dài tì","今天哥哥代替爸爸来接我。","12"
"进阶挑战","257","每天做的事","促","cù","催促","cuī cù","妈妈催促我们快点出门。","9"
"进阶挑战","258","每天做的事","攀","pān","攀爬","pān pá","不要攀爬公园里的护栏。","19"
"进阶挑战","259","每天做的事","碍","ài","妨碍","fáng ài","把箱子移开，别妨碍大家走路。","13"
"进阶挑战","260","每天做的事","嚷","rāng","嚷嚷","rāng rang","弟弟在门口嚷嚷着要出门。","20"
"进阶挑战","261","每天做的事","赔","péi","赔礼","péi lǐ","踩到别人的脚后，他赶紧赔礼。","12"
"进阶挑战","262","每天做的事","辨","biàn","分辨","fēn biàn","我能分辨这两种鸟的叫声。","16"
"进阶挑战","263","每天做的事","筹","chóu","筹备","chóu bèi","老师正在筹备新年联欢会。","13"
"进阶挑战","264","每天做的事","估","gū","估计","gū jì","我估计这篮苹果有十个。","7"
"进阶挑战","265","每天做的事","附","fù","附上","fù shàng","寄信时，我附上了一张照片。","7"
"进阶挑战","266","每天做的事","协","xié","协作","xié zuò","大家分工协作完成了海报。","6"
"进阶挑战","267","每天做的事","耕","gēng","耕田","gēng tián","春天，农民开着拖拉机耕田。","10"
"进阶挑战","268","每天做的事","虑","lǜ","考虑","kǎo lǜ","让我考虑一下，再告诉你答案。","10"
"进阶挑战","269","每天做的事","尊","zūn","尊重","zūn zhòng","我们要尊重别人的想法。","12"
"进阶挑战","270","每天做的事","罢","bà","罢休","bà xiū","他没找到答案，还不肯罢休。","10"
"进阶挑战","271","每天做的事","霸","bà","霸占","bà zhàn","不能霸占大家的玩具。","21"
"进阶挑战","272","每天做的事","惩","chéng","惩罚","chéng fá","裁判按规则惩罚了犯规的队员。","12"
"进阶挑战","273","每天做的事","赴","fù","奔赴","bēn fù","救援队奔赴受灾的村庄。","9"
"进阶挑战","274","每天做的事","昂","áng","昂首","áng shǒu","大白鹅昂首走过小桥。","8"
"进阶挑战","275","每天做的事","贮","zhù","贮藏","zhù cáng","仓库里贮藏着过冬的粮食。","8"
"进阶挑战","276","每天做的事","窃","qiè","窃窃私语","qiè qiè sī yǔ","两个朋友靠在一起窃窃私语。","9"
"进阶挑战","277","每天做的事","辑","jí","编辑","biān jí","叔叔正在编辑一本儿童杂志。","13"
"进阶挑战","278","每天做的事","辞","cí","告辞","gào cí","饭后，客人向奶奶告辞。","13"
"进阶挑战","279","每天做的事","辟","pì","开辟","kāi pì","学校开辟了一块小菜园。","13"
"进阶挑战","280","每天做的事","诺","nuò","承诺","chéng nuò","我兑现了承诺，按时归还了图书。","10"
"进阶挑战","281","每天做的事","撤","chè","撤离","chè lí","消防员引导大家安全撤离。","15"
"进阶挑战","282","每天做的事","遗","yí","遗忘","yí wàng","那次快乐的旅行，我一直没有遗忘。","12"
"进阶挑战","283","每天做的事","吁","yù","呼吁","hū yù","大家呼吁一起保护河流。","6"
"进阶挑战","284","每天做的事","驳","bó","反驳","fǎn bó","反驳别人时也要有礼貌。","7"
"进阶挑战","285","每天做的事","克","kè","克服","kè fú","多练习能帮助我们克服困难。","7"
"进阶挑战","286","每天做的事","践","jiàn","实践","shí jiàn","学会种花的方法，还要亲自实践。","12"
"进阶挑战","287","每天做的事","贡","gòng","贡献","gòng xiàn","每个人都能为班级作贡献。","7"
"进阶挑战","288","每天做的事","奉","fèng","奉献","fèng xiàn","志愿者为大家奉献爱心。","8"
"进阶挑战","289","每天做的事","兼","jiān","兼顾","jiān gù","安排活动时，要兼顾学习和休息。","10"
"进阶挑战","290","每天做的事","晓","xiǎo","知晓","zhī xiǎo","出发前，要知晓集合的时间。","10"
"进阶挑战","291","每天做的事","综","zōng","综合","zōng hé","老师综合大家的想法，做出安排。","11"
"进阶挑战","292","每天做的事","谋","móu","谋划","móu huà","他们正在谋划一次旅行。","11"
"进阶挑战","293","每天做的事","御","yù","抵御","dǐ yù","厚厚的冬衣可以抵御寒冷。","12"
"进阶挑战","294","每天做的事","夷","yí","夷平","yí píng","施工前，旧土坡被夷平了。","6"
"进阶挑战","295","每天做的事","遣","qiǎn","派遣","pài qiǎn","消防队派遣队员前往现场救援。","13"
"进阶挑战","296","每天做的事","竭","jié","竭力","jié lì","救援队员竭力寻找失踪的人。","14"
"进阶挑战","297","每天做的事","驻","zhù","驻扎","zhù zhā","救援队在村口驻扎下来。","8"
"进阶挑战","298","样子与比较","芳","fāng","芳香","fāng xiāng","桂花散发出阵阵芳香。","7"
"进阶挑战","299","样子与比较","似","sì","相似","xiāng sì","这两片树叶的形状很相似。","6"
"进阶挑战","300","样子与比较","庞","páng","庞大","páng dà","大象的身躯十分庞大。","8"
"进阶挑战","301","样子与比较","利","lì","顺利","shùn lì","我们顺利到达了山顶。","7"
"进阶挑战","302","样子与比较","晰","xī","清晰","qīng xī","雨后的远山看起来很清晰。","12"
"进阶挑战","303","样子与比较","阔","kuò","宽阔","kuān kuò","宽阔的马路上有许多汽车。","12"
"进阶挑战","304","样子与比较","姿","zī","姿态","zī tài","白鹭飞过水面的姿态很优美。","9"
"进阶挑战","305","样子与比较","娇","jiāo","娇嫩","jiāo nèn","刚长出的叶子十分娇嫩。","9"
"进阶挑战","306","样子与比较","歪","wāi","歪斜","wāi xié","风把小树吹得有些歪斜。","9"
"进阶挑战","307","样子与比较","碌","lù","忙碌","máng lù","忙碌了一天，爸爸坐下来休息。","13"
"进阶挑战","308","样子与比较","遥","yáo","遥远","yáo yuǎn","夜空中的星星十分遥远。","13"
"进阶挑战","309","样子与比较","倾","qīng","倾斜","qīng xié","风太大，小树有些倾斜了。","10"
"进阶挑战","310","样子与比较","窄","zhǎi","狭窄","xiá zhǎi","这条狭窄的小路只能一人走。","10"
"进阶挑战","311","样子与比较","脆","cuì","清脆","qīng cuì","窗外传来清脆的鸟叫声。","10"
"进阶挑战","312","样子与比较","稳","wěn","平稳","píng wěn","列车平稳地驶出了车站。","14"
"进阶挑战","313","样子与比较","斜","xié","倾斜","qīng xié","风把小树吹得有些倾斜。","11"
"进阶挑战","314","样子与比较","永","yǒng","永远","yǒng yuǎn","我会永远记住这个快乐的生日。","5"
"进阶挑战","315","样子与比较","疏","shū","稀疏","xī shū","冬天，树上的叶子变得稀疏。","12"
"进阶挑战","316","样子与比较","稍","shāo","稍微","shāo wēi","请把窗户稍微打开一点。","12"
"进阶挑战","317","样子与比较","锐","ruì","锐利","ruì lì","老鹰用锐利的爪子抓住树枝。","12"
"进阶挑战","318","样子与比较","默","mò","默默","mò mò","她默默地把散落的书捡起来。","16"
"进阶挑战","319","样子与比较","妙","miào","奇妙","qí miào","我在书里看到了奇妙的海底世界。","7"
"进阶挑战","320","样子与比较","彻","chè","彻底","chè dǐ","屋里的灰尘被彻底清理干净了。","7"
"进阶挑战","321","样子与比较","良","liáng","良好","liáng hǎo","我们要养成良好的阅读习惯。","7"
"进阶挑战","322","样子与比较","碧","bì","碧绿","bì lǜ","池塘里的荷叶一片碧绿。","14"
"进阶挑战","323","样子与比较","褐","hè","褐色","hè sè","松鼠披着褐色的毛。","14"
"进阶挑战","324","样子与比较","肃","sù","严肃","yán sù","老师严肃地提醒大家注意安全。","8"
"进阶挑战","325","样子与比较","详","xiáng","详细","xiáng xì","老师详细地讲解了游戏玩法。","8"
"进阶挑战","326","样子与比较","巧","qiǎo","灵巧","líng qiǎo","姐姐的双手十分灵巧。","5"
"进阶挑战","327","样子与比较","辽","liáo","辽阔","liáo kuò","牛羊在辽阔的草原上吃草。","5"
"进阶挑战","328","样子与比较","勉","miǎn","勉强","miǎn qiǎng","身体不舒服时别勉强自己跑步。","9"
"进阶挑战","329","样子与比较","贵","guì","珍贵","zhēn guì","这张全家照对我很珍贵。","9"
"进阶挑战","330","样子与比较","顺","shùn","顺利","shùn lì","我们顺利完成了小组任务。","9"
"进阶挑战","331","样子与比较","异","yì","奇异","qí yì","海底生活着许多奇异的动物。","6"
"进阶挑战","332","样子与比较","朴","pǔ","朴素","pǔ sù","她穿着一件朴素的棉衣。","6"
"进阶挑战","333","样子与比较","致","zhì","一致","yī zhì","大家的意见一致，都想去公园。","10"
"进阶挑战","334","样子与比较","般","bān","一般","yī bān","这家小店一般九点开门。","10"
"进阶挑战","335","样子与比较","唯","wéi","唯一","wéi yī","这是盒子里唯一的红色积木。","11"
"进阶挑战","336","样子与比较","悉","xī","熟悉","shú xī","我听见了一个熟悉的声音。","11"
"进阶挑战","337","样子与比较","著","zhù","著名","zhù míng","这幅画出自一位著名画家。","11"
"进阶挑战","338","样子与比较","旺","wàng","旺盛","wàng shèng","这棵树长得十分旺盛。","8"
"进阶挑战","339","样子与比较","富","fù","丰富","fēng fù","图书馆里的书种类丰富。","12"
"进阶挑战","340","样子与比较","普","pǔ","普通","pǔ tōng","一个普通的纸盒也能做成玩具。","12"
"进阶挑战","341","样子与比较","谦","qiān","谦虚","qiān xū","取得好成绩也要保持谦虚。","12"
"进阶挑战","342","样子与比较","俊","jùn","英俊","yīng jùn","故事里的王子穿戴整齐，十分英俊。","9"
"进阶挑战","343","样子与比较","幽","yōu","幽静","yōu jìng","清晨的小路十分幽静。","9"
"进阶挑战","344","样子与比较","疯","fēng","疯狂","fēng kuáng","球迷为精彩的进球疯狂欢呼。","9"
"进阶挑战","345","样子与比较","盈","yíng","轻盈","qīng yíng","蝴蝶扇动翅膀，飞得十分轻盈。","9"
"进阶挑战","346","样子与比较","祥","xiáng","慈祥","cí xiáng","奶奶脸上露出慈祥的笑容。","10"
"进阶挑战","347","样子与比较","耀","yào","耀眼","yào yǎn","正午的阳光十分耀眼。","20"
"进阶挑战","348","样子与比较","寂","jì","寂静","jì jìng","夜深了，院子里一片寂静。","11"
"进阶挑战","349","样子与比较","悠","yōu","悠闲","yōu xián","爷爷坐在树下，悠闲地摇着扇子。","11"
"进阶挑战","350","样子与比较","捷","jié","敏捷","mǐn jié","小猴子的动作十分敏捷。","11"
"进阶挑战","351","样子与比较","猛","měng","猛烈","měng liè","猛烈的风把树枝吹得直摇。","11"
"进阶挑战","352","样子与比较","凹","āo","凹陷","āo xiàn","旧沙发中间有一处凹陷。","5"
"进阶挑战","353","样子与比较","增","zēng","增加","zēng jiā","春天来了，白天的时间逐渐增加。","15"
"进阶挑战","354","样子与比较","雄","xióng","雄伟","xióng wěi","长城看起来十分雄伟。","12"
"进阶挑战","355","样子与比较","伟","wěi","伟大","wěi dà","书里讲述了伟大发明家的故事。","6"
"进阶挑战","356","样子与比较","态","tài","态度","tài dù","他的学习态度很认真。","8"
"进阶挑战","357","样子与比较","宁","níng","安宁","ān níng","夜晚的小村庄十分安宁。","5"
"进阶挑战","358","样子与比较","浑","hún","浑浊","hún zhuó","大雨过后，河水变得浑浊。","9"
"进阶挑战","359","样子与比较","壮","zhuàng","壮观","zhuàng guān","瀑布从高处落下，十分壮观。","6"
"进阶挑战","360","样子与比较","耸","sǒng","耸立","sǒng lì","高高的灯塔耸立在海边。","10"
"进阶挑战","361","样子与比较","妥","tuǒ","妥当","tuǒ dàng","行李已经收拾妥当，可以出发了。","7"
"进阶挑战","362","样子与比较","繁","fán","繁忙","fán máng","码头上是一片繁忙的景象。","17"
"进阶挑战","363","样子与比较","畅","chàng","流畅","liú chàng","姐姐朗读课文时十分流畅。","8"
"进阶挑战","364","样子与比较","烈","liè","热烈","rè liè","台下响起了热烈的掌声。","10"
"进阶挑战","365","样子与比较","慎","shèn","谨慎","jǐn shèn","走过湿滑的地面时，要谨慎。","13"
"进阶挑战","366","样子与比较","殊","shū","特殊","tè shū","这种鸟有特殊的求偶舞蹈。","10"
"进阶挑战","367","样子与比较","呈","chéng","呈现","chéng xiàn","屏幕上呈现出美丽的星空。","7"
"进阶挑战","368","样子与比较","宏","hóng","宏伟","hóng wěi","照片里的宫殿十分宏伟。","7"
"进阶挑战","369","样子与比较","纵","zòng","纵横","zòng héng","田间的小路纵横交错。","7"
"进阶挑战","370","样子与比较","艰","jiān","艰难","jiān nán","小船在风浪中艰难前行。","8"
"进阶挑战","371","样子与比较","贯","guàn","贯穿","guàn chuān","这条河流贯穿整座城市。","8"
"进阶挑战","372","样子与比较","残","cán","残缺","cán quē","这块残缺的瓷片少了一角。","9"
"进阶挑战","373","样子与比较","狭","xiá","狭窄","xiá zhǎi","这条狭窄的小巷只能步行。","9"
"进阶挑战","374","样子与比较","徐","xú","徐徐","xú xú","清风徐徐吹来，树叶轻轻摇动。","10"
"进阶挑战","375","样子与比较","衔","xián","衔接","xián jiē","两条道路在桥头衔接起来。","11"
"进阶挑战","376","样子与比较","凡","fán","平凡","píng fán","平凡的日子里也有快乐。","3"
"进阶挑战","377","样子与比较","劣","liè","恶劣","è liè","天气恶劣时，轮船暂停出航。","6"
"进阶挑战","378","样子与比较","罕","hǎn","罕见","hǎn jiàn","这种蓝色的蝴蝶很罕见。","7"
"进阶挑战","379","样子与比较","宜","yí","适宜","shì yí","温暖湿润的环境适宜蘑菇生长。","8"
"进阶挑战","380","样子与比较","郑","zhèng","郑重","zhèng zhòng","他郑重地向大家表示感谢。","8"
"进阶挑战","381","样子与比较","勃","bó","生机勃勃","shēng jī bó bó","春天的田野生机勃勃。","9"
"进阶挑战","382","样子与比较","饶","ráo","富饶","fù ráo","这片富饶的土地盛产稻米。","9"
"进阶挑战","383","样子与比较","恶","è","恶劣","è liè","天气恶劣时，不要到山里玩。","10"
"进阶挑战","384","样子与比较","隆","lóng","隆重","lóng zhòng","学校举行了隆重的开学典礼。","11"
"进阶挑战","385","样子与比较","蛮","mán","蛮横","mán hèng","不能用蛮横的态度对待别人。","12"
"进阶挑战","386","样子与比较","裕","yù","富裕","fù yù","村民的生活比以前更富裕了。","12"
"进阶挑战","387","样子与比较","雅","yǎ","优雅","yōu yǎ","她随着音乐跳起优雅的舞蹈。","12"
"进阶挑战","388","样子与比较","鲁","lǔ","鲁莽","lǔ mǎng","过马路不能鲁莽地往前冲。","12"
"进阶挑战","389","样子与比较","玲","líng","玲珑","líng lóng","这个小茶壶做得十分玲珑。","9"
"进阶挑战","390","样子与比较","频","pín","频繁","pín fán","春天这里的天气变化很频繁。","13"
"进阶挑战","391","样子与比较","执","zhí","执着","zhí zhuó","姐姐对画画很执着，每天都练习。","6"
"进阶挑战","392","样子与比较","瞬","shùn","瞬间","shùn jiān","烟花在绽放的瞬间照亮夜空。","17"
"进阶挑战","393","样子与比较","尚","shàng","高尚","gāo shàng","帮助有困难的人是高尚的行为。","8"
"进阶挑战","394","样子与比较","忠","zhōng","忠诚","zhōng chéng","故事中的卫士对国王十分忠诚。","8"
"进阶挑战","395","样子与比较","逝","shì","流逝","liú shì","时间慢慢流逝，天色渐渐暗了。","10"
"进阶挑战","396","样子与比较","虚","xū","虚心","xū xīn","姐姐虚心听取别人的建议。","11"
"进阶挑战","397","样子与比较","赋","fù","天赋","tiān fù","她很有绘画天赋，也坚持练习。","12"
"进阶挑战","398","样子与比较","诸","zhū","诸多","zhū duō","建造一座大桥需要考虑诸多问题。","10"
"进阶挑战","399","样子与比较","逸","yì","安逸","ān yì","小猫在暖和的窝里过得很安逸。","11"
"进阶挑战","400","样子与比较","萧","xiāo","萧瑟","xiāo sè","秋风萧瑟，树叶纷纷落下。","11"
"进阶挑战","401","样子与比较","熙","xī","熙熙攘攘","xī xī rǎng rǎng","节日的集市上，人群熙熙攘攘。","14"
"进阶挑战","402","样子与比较","醇","chún","醇厚","chún hòu","爷爷说这杯茶的味道很醇厚。","15"
"进阶挑战","403","样子与比较","惟","wéi","惟妙惟肖","wéi miào wéi xiào","他模仿小猴的动作，惟妙惟肖。","11"
"进阶挑战","404","样子与比较","毅","yì","毅力","yì lì","每天坚持练琴，需要毅力。","15"
"进阶挑战","405","样子与比较","哩","lī","哩哩啦啦","lī li lā lā","小雨哩哩啦啦地下了一天。","10"
"进阶挑战","406","样子与比较","峻","jùn","严峻","yán jùn","这场暴雨让防洪形势严峻。","10"
"进阶挑战","407","样子与比较","堪","kān","不堪","bù kān","狂风吹过，树枝不堪重负而折断。","12"
"进阶挑战","408","样子与比较","娜","nuó","婀娜","ē nuó","柳枝轻摆，姿态婀娜。","9"
"进阶挑战","409","样子与比较","赫","hè","赫赫有名","hè hè yǒu míng","故事里的人物是赫赫有名的将军。","14"
"进阶挑战","410","把话说完整","终","zhōng","终于","zhōng yú","小鸭终于找到了妈妈。","8"
"进阶挑战","411","把话说完整","尔","ěr","偶尔","ǒu ěr","爷爷偶尔会坐公交车来。","5"
"进阶挑战","412","把话说完整","示","shì","表示","biǎo shì","小狗摇尾巴表示它很开心。","5"
"进阶挑战","413","把话说完整","仍","réng","仍然","réng rán","雨停了，树叶上仍然有水珠。","4"
"进阶挑战","414","把话说完整","依","yī","依靠","yī kào","小鸟依靠翅膀在空中飞行。","8"
"进阶挑战","415","把话说完整","恰","qià","恰好","qià hǎo","这双鞋的大小恰好合适。","9"
"进阶挑战","416","把话说完整","由","yóu","由于","yóu yú","由于下雨，运动会改期了。","5"
"进阶挑战","417","把话说完整","且","qiě","而且","ér qiě","这件外套暖和，而且很轻。","5"
"进阶挑战","418","把话说完整","另","lìng","另外","lìng wài","这一盒满了，另外再拿一盒。","5"
"进阶挑战","419","把话说完整","而","ér","而且","ér qiě","苹果又甜而且很脆。","6"
"进阶挑战","420","把话说完整","暂","zàn","暂时","zàn shí","下雨了，我们暂时留在屋里。","12"
"进阶挑战","421","把话说完整","其","qí","其中","qí zhōng","三只小猫，其中一只是白色的。","8"
"进阶挑战","422","把话说完整","或","huò","或者","huò zhě","你可以选苹果或者香蕉。","8"
"进阶挑战","423","把话说完整","亏","kuī","幸亏","xìng kuī","幸亏带了雨伞，我们没有淋湿。","3"
"进阶挑战","424","把话说完整","首","shǒu","首先","shǒu xiān","种花时，首先要准备好花盆。","9"
"进阶挑战","425","把话说完整","仅","jǐn","仅仅","jǐn jǐn","我仅仅看了开头，就被故事吸引了。","4"
"进阶挑战","426","把话说完整","尤","yóu","尤其","yóu qí","我喜欢水果，尤其喜欢西瓜。","4"
"进阶挑战","427","把话说完整","此","cǐ","此时","cǐ shí","此时，太阳刚刚升起来。","6"
"进阶挑战","428","把话说完整","议","yì","建议","jiàn yì","我建议大家带上雨衣。","5"
"进阶挑战","429","把话说完整","竟","jìng","竟然","jìng rán","小小的种子竟然长出了嫩芽。","11"
"进阶挑战","430","把话说完整","曾","céng","曾经","céng jīng","爷爷曾经住在这条街上。","12"
"进阶挑战","431","把话说完整","佛","fú","仿佛","fǎng fú","弯弯的月亮仿佛一只小船。","7"
"进阶挑战","432","把话说完整","否","fǒu","是否","shì fǒu","请看看门窗是否已经关好。","7"
"进阶挑战","433","把话说完整","临","lín","临时","lín shí","下雨了，我们临时改在屋里画画。","9"
"进阶挑战","434","把话说完整","既","jì","既然","jì rán","既然雨停了，我们就出门吧。","9"
"进阶挑战","435","把话说完整","甚","shèn","甚至","shèn zhì","风很大，甚至吹倒了花盆。","9"
"进阶挑战","436","把话说完整","偏","piān","偏偏","piān piān","想去放风筝，天却偏偏下雨了。","11"
"进阶挑战","437","把话说完整","属","shǔ","属于","shǔ yú","这盒彩笔属于姐姐。","12"
"进阶挑战","438","把话说完整","哦","ò","哦","ò","哦，我明白你的意思了。","10"
"进阶挑战","439","把话说完整","何","hé","为何","wèi hé","我想知道彩虹为何有多种颜色。","7"
"进阶挑战","440","把话说完整","趁","chèn","趁早","chèn zǎo","出门要趁早，免得路上堵车。","12"
"进阶挑战","441","把话说完整","至","zhì","至少","zhì shǎo","这次拼图至少要十分钟。","6"
"进阶挑战","442","把话说完整","据","jù","根据","gēn jù","我们根据地图找到了出口。","11"
"进阶挑战","443","把话说完整","犹","yóu","犹如","yóu rú","弯弯的月亮犹如一条小船。","7"
"进阶挑战","444","把话说完整","凭","píng","凭借","píng jiè","小兔凭借长耳朵听见远处的声音。","8"
"进阶挑战","445","把话说完整","若","ruò","若是","ruò shì","若是明天晴天，我们就去郊游。","8"
"进阶挑战","446","把话说完整","莫","mò","莫非","mò fēi","门口有脚步声，莫非是爸爸回来了？","10"
"进阶挑战","447","把话说完整","涉","shè","涉及","shè jí","这本书涉及许多海洋知识。","10"
"进阶挑战","448","把话说完整","乃","nǎi","乃至","nǎi zhì","大雪影响了全城乃至周边地区。","2"
"进阶挑战","449","把话说完整","譬","pì","譬如","pì rú","我爱吃水果，譬如苹果和香蕉。","20"
"进阶挑战","450","把话说完整","亦","yì","亦然","yì rán","姐姐喜欢读书，弟弟亦然。","6"
"进阶挑战","451","把话说完整","岂","qǐ","岂能","qǐ néng","遇到一点困难，岂能轻易放弃？","6"
"进阶挑战","452","把话说完整","颇","pō","颇为","pō wèi","这本书的内容颇为有趣。","11"
"进阶挑战","453","感受与相处","激","jī","激动","jī dòng","看到久别的朋友，我很激动。","16"
"进阶挑战","454","感受与相处","乎","hū","在乎","zài hū","我很在乎朋友的感受。","5"
"进阶挑战","455","感受与相处","秘","mì","秘密","mì mì","礼物藏在哪里，暂时是个秘密。","10"
"进阶挑战","456","感受与相处","弃","qì","放弃","fàng qì","拼图很难，我也没有放弃。","7"
"进阶挑战","457","感受与相处","忧","yōu","担忧","dān yōu","小猫没回家，我心里有些担忧。","7"
"进阶挑战","458","感受与相处","欣","xīn","欣赏","xīn shǎng","我们坐在台下欣赏音乐表演。","8"
"进阶挑战","459","感受与相处","败","bài","失败","shī bài","失败以后，我们再试一次。","8"
"进阶挑战","460","感受与相处","陌","mò","陌生","mò shēng","到了陌生的地方，要跟紧家人。","8"
"进阶挑战","461","感受与相处","惹","rě","惹人喜爱","rě rén xǐ ài","这只小猫十分惹人喜爱。","12"
"进阶挑战","462","感受与相处","怨","yuàn","抱怨","bào yuàn","小熊抱怨雨下得太久了。","9"
"进阶挑战","463","感受与相处","恼","nǎo","烦恼","fán nǎo","把烦恼说出来，心里轻松些。","9"
"进阶挑战","464","感受与相处","珍","zhēn","珍惜","zhēn xī","我很珍惜和朋友相处的时光。","9"
"进阶挑战","465","感受与相处","骄","jiāo","骄傲","jiāo ào","赢了比赛也不要骄傲自满。","9"
"进阶挑战","466","感受与相处","恭","gōng","恭喜","gōng xǐ","我们恭喜姐姐学会了游泳。","10"
"进阶挑战","467","感受与相处","悔","huǐ","后悔","hòu huǐ","弄丢了礼物，我有些后悔。","10"
"进阶挑战","468","感受与相处","谊","yì","友谊","yǒu yì","我们很珍惜彼此的友谊。","10"
"进阶挑战","469","感受与相处","绪","xù","情绪","qíng xù","画画能帮助我表达情绪。","11"
"进阶挑战","470","感受与相处","孤","gū","孤独","gū dú","搬到新地方后，他有些孤独。","8"
"进阶挑战","471","感受与相处","焦","jiāo","焦急","jiāo jí","找不到小熊玩具，我心里很焦急。","12"
"进阶挑战","472","感受与相处","赏","shǎng","欣赏","xīn shǎng","我们坐在湖边欣赏晚霞。","12"
"进阶挑战","473","感受与相处","嫌","xián","嫌弃","xián qì","不要因为别人衣服旧就嫌弃他。","13"
"进阶挑战","474","感受与相处","唉","āi","唉声叹气","āi shēng tàn qì","积木倒了，他坐在一旁唉声叹气。","10"
"进阶挑战","475","感受与相处","疲","pí","疲倦","pí juàn","走了很远的路，大家有些疲倦。","10"
"进阶挑战","476","感受与相处","忆","yì","回忆","huí yì","看着旧照片，我回忆起那次旅行。","4"
"进阶挑战","477","感受与相处","豪","háo","自豪","zì háo","学会自己系鞋带，我感到自豪。","14"
"进阶挑战","478","感受与相处","豫","yù","犹豫","yóu yù","选红色还是蓝色，我有些犹豫。","15"
"进阶挑战","479","感受与相处","愣","lèng","发愣","fā lèng","听到这个消息，他站在原地发愣。","12"
"进阶挑战","480","感受与相处","赞","zàn","赞美","zàn měi","大家赞美她乐于助人的行为。","16"
"进阶挑战","481","感受与相处","傻","shǎ","傻眼","shǎ yǎn","发现忘带钥匙，我一下傻眼了。","13"
"进阶挑战","482","感受与相处","愁","chóu","发愁","fā chóu","小熊为找不到回家的路发愁。","13"
"进阶挑战","483","感受与相处","幻","huàn","幻想","huàn xiǎng","我幻想自己长出一双翅膀。","4"
"进阶挑战","484","感受与相处","忍","rěn","忍耐","rěn nài","排队需要耐心，但疼痛不必忍耐。","7"
"进阶挑战","485","感受与相处","丧","sàng","沮丧","jǔ sàng","积木倒了，我感到有些沮丧。","8"
"进阶挑战","486","感受与相处","泄","xiè","泄气","xiè qì","这次没成功，也不要泄气。","8"
"进阶挑战","487","感受与相处","贪","tān","贪心","tān xīn","故事里的狐狸贪心地想要更多。","8"
"进阶挑战","488","感受与相处","郁","yù","郁闷","yù mèn","计划取消了，我感到有点郁闷。","8"
"进阶挑战","489","感受与相处","敬","jìng","尊敬","zūn jìng","我们尊敬认真教书的老师。","12"
"进阶挑战","490","感受与相处","茫","máng","迷茫","mí máng","面对新的选择，我有些迷茫。","9"
"进阶挑战","491","感受与相处","恋","liàn","留恋","liú liàn","离开家乡时，我十分留恋。","10"
"进阶挑战","492","感受与相处","恩","ēn","感恩","gǎn ēn","我们用行动感恩别人的帮助。","10"
"进阶挑战","493","感受与相处","悦","yuè","喜悦","xǐ yuè","看到种子发芽，我心里充满喜悦。","10"
"进阶挑战","494","感受与相处","躁","zào","烦躁","fán zào","感到烦躁时，可以安静地歇一会儿。","20"
"进阶挑战","495","感受与相处","惧","jù","恐惧","kǒng jù","有人陪伴时，我的恐惧减轻了。","11"
"进阶挑战","496","感受与相处","惑","huò","疑惑","yí huò","看到这个新工具，我心里有些疑惑。","12"
"进阶挑战","497","感受与相处","慈","cí","慈爱","cí ài","奶奶用慈爱的目光看着我。","13"
"进阶挑战","498","感受与相处","荣","róng","光荣","guāng róng","为集体做好事让我感到光荣。","9"
"进阶挑战","499","感受与相处","奈","nài","无奈","wú nài","雨下得太大，我们无奈地取消了郊游。","8"
"进阶挑战","500","感受与相处","迫","pò","迫切","pò qiè","迷路的小狗迫切地想找到主人。","8"
"进阶挑战","501","感受与相处","哀","āi","悲哀","bēi āi","小鸟死了，大家感到悲哀。","9"
"进阶挑战","502","感受与相处","恨","hèn","悔恨","huǐ hèn","弄坏朋友的玩具后，他十分悔恨。","9"
"进阶挑战","503","感受与相处","诱","yòu","诱惑","yòu huò","货架上的糖果对我很有诱惑。","9"
"进阶挑战","504","感受与相处","崇","chóng","崇敬","chóng jìng","大家崇敬救人的英雄。","11"
"进阶挑战","505","感受与相处","慨","kǎi","感慨","gǎn kǎi","看到家乡的新桥，爷爷十分感慨。","12"
"进阶挑战","506","感受与相处","仇","chóu","仇恨","chóu hèn","仇恨不能靠打架化解。","4"
"进阶挑战","507","感受与相处","醉","zuì","陶醉","táo zuì","大家陶醉在优美的音乐中。","15"
"进阶挑战","508","感受与相处","卑","bēi","自卑","zì bēi","不用因为一次失败就感到自卑。","8"
"进阶挑战","509","感受与相处","怜","lián","怜惜","lián xī","奶奶很怜惜那只受伤的小猫。","8"
"进阶挑战","510","感受与相处","歧","qí","分歧","fēn qí","我们通过商量解决了分歧。","8"
"进阶挑战","511","感受与相处","愧","kuì","惭愧","cán kuì","说了谎，我心里很惭愧。","12"
"进阶挑战","512","感受与相处","誉","yù","荣誉","róng yù","队员们一起分享获奖的荣誉。","13"
"进阶挑战","513","感受与相处","纽","niǔ","纽带","niǔ dài","友谊是连接彼此的纽带。","7"
"进阶挑战","514","感受与相处","遂","suì","遂愿","suì yuàn","他终于遂愿，成了一名医生。","12"
"进阶挑战","515","故事里的世界","臣","chén","大臣","dà chén","故事里的大臣向国王提建议。","6"
"进阶挑战","516","故事里的世界","侦","zhēn","侦探","zhēn tàn","故事里的侦探根据线索寻找答案。","8"
"进阶挑战","517","故事里的世界","敌","dí","敌人","dí rén","故事里的士兵挡住了敌人。","10"
"进阶挑战","518","故事里的世界","蒙","méng","蒙面","méng miàn","故事里的蒙面人摘下了面罩。","13"
"进阶挑战","519","故事里的世界","狠","hěn","凶狠","xiōng hěn","故事里的狼露出凶狠的表情。","9"
"进阶挑战","520","故事里的世界","娶","qǔ","迎娶","yíng qǔ","故事里，王子迎娶了公主。","11"
"进阶挑战","521","故事里的世界","攻","gōng","进攻","jìn gōng","故事里的士兵开始进攻城门。","7"
"进阶挑战","522","故事里的世界","贼","zéi","盗贼","dào zéi","故事里的盗贼被警察抓住了。","10"
"进阶挑战","523","故事里的世界","搏","bó","搏斗","bó dòu","故事里，两只猛兽正在搏斗。","13"
"进阶挑战","524","故事里的世界","惨","cǎn","悲惨","bēi cǎn","故事里的人过着悲惨的生活。","11"
"进阶挑战","525","故事里的世界","侍","shì","侍卫","shì wèi","故事里的侍卫守在城门旁。","8"
"进阶挑战","526","故事里的世界","鹏","péng","大鹏","dà péng","传说中的大鹏有巨大的翅膀。","13"
"进阶挑战","527","故事里的世界","寓","yù","寓言","yù yán","这则寓言讲的是乌鸦和狐狸。","12"
"进阶挑战","528","故事里的世界","愚","yú","愚公移山","yú gōng yí shān","老师讲了愚公移山的故事。","13"
"进阶挑战","529","故事里的世界","遭","zāo","遭遇","zāo yù","小船在海上遭遇了暴风雨。","14"
"进阶挑战","530","故事里的世界","某","mǒu","某天","mǒu tiān","某天早晨，小兔发现了一封信。","9"
"进阶挑战","531","故事里的世界","魂","hún","灵魂","líng hún","童话里的木偶也有自己的灵魂。","13"
"进阶挑战","532","故事里的世界","凯","kǎi","凯旋","kǎi xuán","比赛获胜，队员们凯旋归来。","8"
"进阶挑战","533","故事里的世界","皆","jiē","皆大欢喜","jiē dà huān xǐ","故事有个皆大欢喜的结局。","9"
"进阶挑战","534","故事里的世界","叛","pàn","背叛","bèi pàn","故事里，国王遭到了同伴的背叛。","9"
"进阶挑战","535","故事里的世界","贤","xián","贤能","xián néng","故事中的国王请贤能的人帮忙。","8"
"进阶挑战","536","生活与科学","世","shì","世界","shì jiè","地图上画着世界各地的海洋。","5"
"进阶挑战","537","生活与科学","古","gǔ","古代","gǔ dài","博物馆里有古代的陶罐。","5"
"进阶挑战","538","生活与科学","灾","zāi","火灾","huǒ zāi","发现火灾要远离并马上告诉大人。","7"
"进阶挑战","539","生活与科学","距","jù","距离","jù lí","我用步子估计两棵树之间的距离。","11"
"进阶挑战","540","生活与科学","沸","fèi","沸腾","fèi téng","锅里的水已经沸腾了。","8"
"进阶挑战","541","生活与科学","言","yán","语言","yǔ yán","人们用语言交流想法。","7"
"进阶挑战","542","生活与科学","射","shè","发射","fā shè","火箭从地面发射升空。","10"
"进阶挑战","543","生活与科学","振","zhèn","振动","zhèn dòng","敲鼓时，鼓面会振动。","10"
"进阶挑战","544","生活与科学","总","zǒng","总共","zǒng gòng","盘子里总共有五个苹果。","9"
"进阶挑战","545","生活与科学","缩","suō","缩小","suō xiǎo","地图把很大的地方缩小画在纸上。","14"
"进阶挑战","546","生活与科学","液","yè","液体","yè tǐ","水和食用油都是液体。","11"
"进阶挑战","547","生活与科学","仪","yí","仪器","yí qì","实验室里的仪器要小心使用。","5"
"进阶挑战","548","生活与科学","腾","téng","沸腾","fèi téng","水壶里的水沸腾了。","13"
"进阶挑战","549","生活与科学","蒸","zhēng","蒸发","zhēng fā","阳光下，水洼里的水慢慢蒸发。","13"
"进阶挑战","550","生活与科学","输","shū","输送","shū sòng","水管把清水输送到各家各户。","13"
"进阶挑战","551","生活与科学","免","miǎn","免费","miǎn fèi","这家图书馆可以免费借书。","7"
"进阶挑战","552","生活与科学","含","hán","含有","hán yǒu","牛奶里含有蛋白质。","7"
"进阶挑战","553","生活与科学","均","jūn","平均","píng jūn","六个苹果平均分给三个人。","7"
"进阶挑战","554","生活与科学","究","jiū","研究","yán jiū","科学家正在研究植物的生长。","7"
"进阶挑战","555","生活与科学","违","wéi","违反","wéi fǎn","闯红灯会违反交通规则。","7"
"进阶挑战","556","生活与科学","产","chǎn","生产","shēng chǎn","这家工厂生产铅笔。","6"
"进阶挑战","557","生活与科学","矿","kuàng","矿石","kuàng shí","博物馆里展出了不同的矿石。","8"
"进阶挑战","558","生活与科学","摩","mó","摩擦","mó cā","双手来回摩擦会变暖。","15"
"进阶挑战","559","生活与科学","震","zhèn","地震","dì zhèn","学校教我们地震时如何避险。","15"
"进阶挑战","560","生活与科学","律","lǜ","规律","guī lǜ","我们发现了积木排列的规律。","9"
"进阶挑战","561","生活与科学","研","yán","研究","yán jiū","科学家正在研究植物怎样生长。","9"
"进阶挑战","562","生活与科学","络","luò","网络","wǎng luò","我们通过网络和远方的家人通话。","9"
"进阶挑战","563","生活与科学","轴","zhóu","车轴","chē zhóu","车轴把两个车轮连接起来。","9"
"进阶挑战","564","生活与科学","杀","shā","杀菌","shā jūn","餐具洗净后还要高温杀菌。","6"
"进阶挑战","565","生活与科学","未","wèi","未来","wèi lái","我想在未来成为一名医生。","5"
"进阶挑战","566","生活与科学","索","suǒ","探索","tàn suǒ","我们通过观察探索昆虫的秘密。","10"
"进阶挑战","567","生活与科学","译","yì","翻译","fān yì","姐姐把这句话翻译成中文。","7"
"进阶挑战","568","生活与科学","式","shì","方式","fāng shì","我们用画画的方式讲故事。","6"
"进阶挑战","569","生活与科学","减","jiǎn","减少","jiǎn shǎo","关好水龙头，可以减少浪费。","11"
"进阶挑战","570","生活与科学","犁","lí","犁地","lí dì","农民开着拖拉机犁地。","11"
"进阶挑战","571","生活与科学","菌","jūn","细菌","xì jūn","有些细菌能帮助食物发酵。","11"
"进阶挑战","572","生活与科学","疆","jiāng","新疆","xīn jiāng","新疆出产香甜的葡萄。","19"
"进阶挑战","573","生活与科学","煤","méi","煤炭","méi tàn","煤炭燃烧时会放出热量。","13"
"进阶挑战","574","生活与科学","禁","jìn","禁止","jìn zhǐ","池塘边的牌子写着禁止游泳。","13"
"进阶挑战","575","生活与科学","锡","xī","锡纸","xī zhǐ","烤盘上的锡纸主要由铝制成。","13"
"进阶挑战","576","生活与科学","尼","ní","尼龙","ní lóng","这根绳子是尼龙做的。","5"
"进阶挑战","577","生活与科学","氧","yǎng","氧气","yǎng qì","人的呼吸需要空气中的氧气。","10"
"进阶挑战","578","生活与科学","膜","mó","薄膜","báo mó","温室外面覆盖着一层薄膜。","14"
"进阶挑战","579","生活与科学","污","wū","污水","wū shuǐ","污水要经过处理才能排放。","6"
"进阶挑战","580","生活与科学","罗","luó","罗盘","luó pán","罗盘上的磁针可以指示方向。","8"
"进阶挑战","581","生活与科学","蓄","xù","储蓄","chǔ xù","我把零花钱存入储蓄罐。","13"
"进阶挑战","582","生活与科学","况","kuàng","情况","qíng kuàng","请把当时的情况告诉老师。","7"
"进阶挑战","583","生活与科学","劫","jié","抢劫","qiǎng jié","警察制止了这次抢劫。","7"
"进阶挑战","584","生活与科学","讯","xùn","通讯","tōng xùn","手机是一种常见的通讯工具。","5"
"进阶挑战","585","生活与科学","津","jīn","天津","tiān jīn","天津是一座位于海河畔的城市。","9"
"进阶挑战","586","生活与科学","矩","jǔ","矩形","jǔ xíng","数学课上，我们认识了矩形。","9"
"进阶挑战","587","生活与科学","寿","shòu","长寿","cháng shòu","有些乌龟很长寿，能活许多年。","7"
"进阶挑战","588","生活与科学","亚","yà","亚洲","yà zhōu","中国位于亚洲东部。","6"
"进阶挑战","589","生活与科学","掘","jué","挖掘","wā jué","考古队正在挖掘古代遗址。","11"
"进阶挑战","590","生活与科学","械","xiè","机械","jī xiè","工厂用机械搬运沉重的货物。","11"
"进阶挑战","591","生活与科学","淀","diàn","淀粉","diàn fěn","土豆里含有淀粉。","11"
"进阶挑战","592","生活与科学","函","hán","信函","xìn hán","邮递员送来了一封信函。","8"
"进阶挑战","593","生活与科学","宙","zhòu","宇宙","yǔ zhòu","宇宙中有许多恒星和星系。","8"
"进阶挑战","594","生活与科学","智","zhì","智慧","zhì huì","故事里的小姑娘很有智慧。","12"
"进阶挑战","595","生活与科学","溉","gài","灌溉","guàn gài","农民用水渠里的水灌溉农田。","12"
"进阶挑战","596","生活与科学","阀","fá","阀门","fá mén","维修工关好了水管上的阀门。","9"
"进阶挑战","597","生活与科学","宇","yǔ","宇宙","yǔ zhòu","宇宙中有无数颗星星。","6"
"进阶挑战","598","生活与科学","滤","lǜ","过滤","guò lǜ","滤网可以过滤水里较大的杂物。","13"
"进阶挑战","599","生活与科学","倍","bèi","加倍","jiā bèi","再加同样多的积木，数量就加倍。","10"
"进阶挑战","600","生活与科学","技","jì","技术","jì shù","师傅修车的技术很好。","7"
"进阶挑战","601","生活与科学","酿","niàng","酿造","niàng zào","工人用粮食酿造食醋。","14"
"进阶挑战","602","生活与科学","质","zhì","质量","zhì liàng","买水杯时，要留意产品的质量。","8"
"进阶挑战","603","生活与科学","斥","chì","排斥","pái chì","磁铁的同名磁极互相排斥。","5"
"进阶挑战","604","生活与科学","慧","huì","智慧","zhì huì","故事里的小兔用智慧解决难题。","15"
"进阶挑战","605","生活与科学","惠","huì","优惠","yōu huì","这家书店今天有优惠活动。","12"
"进阶挑战","606","生活与科学","膨","péng","膨胀","péng zhàng","气球充气后慢慢膨胀起来。","16"
"进阶挑战","607","生活与科学","构","gòu","结构","jié gòu","这座木桥的结构很牢固。","8"
"进阶挑战","608","生活与科学","欧","ōu","欧洲","ōu zhōu","我们在地图上找到了欧洲。","8"
"进阶挑战","609","生活与科学","陕","shǎn","陕西","shǎn xī","陕西的省会是西安。","8"
"进阶挑战","610","生活与科学","洲","zhōu","亚洲","yà zhōu","中国位于亚洲的东部。","9"
"进阶挑战","611","生活与科学","罚","fá","罚款","fá kuǎn","乱停车可能会被罚款。","9"
"进阶挑战","612","生活与科学","浙","zhè","浙江","zhè jiāng","浙江的省会是杭州。","10"
"进阶挑战","613","生活与科学","监","jiān","监测","jiān cè","气象站每天监测天气变化。","10"
"进阶挑战","614","生活与科学","灌","guàn","灌溉","guàn gài","农民用河水灌溉农田。","20"
"进阶挑战","615","生活与科学","域","yù","区域","qū yù","这片区域专门用来种花。","11"
"进阶挑战","616","生活与科学","毫","háo","毫米","háo mǐ","这把尺子每小格长一毫米。","11"
"进阶挑战","617","生活与科学","盗","dào","盗窃","dào qiè","盗窃他人财物是违法的。","11"
"进阶挑战","618","生活与科学","殖","zhí","繁殖","fán zhí","许多植物可以用种子繁殖。","12"
"进阶挑战","619","生活与科学","赌","dǔ","赌博","dǔ bó","赌博可能让人损失很多钱。","12"
"进阶挑战","620","生活与科学","销","xiāo","销售","xiāo shòu","这家商店销售各种文具。","12"
"进阶挑战","621","生活与科学","胚","pēi","胚芽","pēi yá","种子的胚芽会发育成茎和叶。","9"
"进阶挑战","622","生活与科学","纤","xiān","纤维","xiān wéi","棉花纤维可以用来纺线。","6"
"进阶挑战","623","生活与科学","溶","róng","溶解","róng jiě","白糖放进水里会慢慢溶解。","13"
"进阶挑战","624","生活与科学","陵","líng","丘陵","qiū líng","这里的丘陵高低起伏。","10"
"进阶挑战","625","生活与科学","狱","yù","监狱","jiān yù","图书介绍了监狱的管理工作。","9"
"进阶挑战","626","生活与科学","乔","qiáo","乔木","qiáo mù","乔木通常有明显的主干。","6"
"进阶挑战","627","生活与科学","凝","níng","凝固","níng gù","蜡烛油冷却后会凝固。","16"
"进阶挑战","628","生活与科学","效","xiào","有效","yǒu xiào","洗手是预防疾病的有效办法。","10"
"进阶挑战","629","生活与科学","玛","mǎ","玛瑙","mǎ nǎo","展柜里的玛瑙有漂亮的条纹。","7"
"进阶挑战","630","生活与科学","穷","qióng","贫穷","pín qióng","贫穷不代表一个人的品格。","7"
"进阶挑战","631","生活与科学","证","zhèng","证据","zhèng jù","侦探在现场找到了新的证据。","7"
"进阶挑战","632","生活与科学","熔","róng","熔化","róng huà","蜡烛受热后，蜡会慢慢熔化。","14"
"进阶挑战","633","生活与科学","碱","jiǎn","食用碱","shí yòng jiǎn","做面食时，有时会用到食用碱。","14"
"进阶挑战","634","生活与科学","义","yì","意义","yì yì","老师讲了这个词的意义。","3"
"进阶挑战","635","生活与科学","审","shěn","审查","shěn chá","编辑认真审查书稿中的内容。","8"
"进阶挑战","636","生活与科学","征","zhēng","特征","tè zhēng","长长的脖子是长颈鹿的特征。","8"
"进阶挑战","637","生活与科学","胁","xié","威胁","wēi xié","河水上涨，威胁着岸边的房屋。","8"
"进阶挑战","638","生活与科学","济","jì","救济","jiù jì","救济物资送到了受灾的村庄。","9"
"进阶挑战","639","生活与科学","史","shǐ","历史","lì shǐ","博物馆里能了解家乡的历史。","5"
"进阶挑战","640","生活与科学","耗","hào","消耗","xiāo hào","跑步会消耗身体的能量。","10"
"进阶挑战","641","生活与科学","衰","shuāi","衰老","shuāi lǎo","衰老是生命中的自然过程。","10"
"进阶挑战","642","生活与科学","偿","cháng","赔偿","péi cháng","损坏借来的书需要赔偿。","11"
"进阶挑战","643","生活与科学","媒","méi","媒体","méi tǐ","报纸和电视都是传播信息的媒体。","12"
"进阶挑战","644","生活与科学","幅","fú","幅度","fú dù","这几天的气温变化幅度很小。","12"
"进阶挑战","645","生活与科学","循","xún","循环","xún huán","水在自然界里不断循环。","12"
"进阶挑战","646","生活与科学","俄","é","俄语","é yǔ","这位老师会用俄语问好。","9"
"进阶挑战","647","生活与科学","恒","héng","恒星","héng xīng","太阳是离地球最近的恒星。","9"
"进阶挑战","648","生活与科学","胞","bāo","细胞","xì bāo","许多细胞要用显微镜观察。","9"
"进阶挑战","649","生活与科学","亿","yì","一亿","yī yì","一亿里面有一万个一万。","3"
"进阶挑战","650","生活与科学","督","dū","监督","jiān dū","大家一起监督垃圾分类。","13"
"进阶挑战","651","生活与科学","罪","zuì","犯罪","fàn zuì","警察依法调查犯罪行为。","13"
"进阶挑战","652","生活与科学","酬","chóu","报酬","bào chóu","叔叔完成工作后得到了报酬。","13"
"进阶挑战","653","生活与科学","囊","náng","气囊","qì náng","汽车的安全气囊能保护乘客。","22"
"进阶挑战","654","生活与科学","基","jī","基础","jī chǔ","读书写字要打好基础。","11"
"进阶挑战","655","生活与科学","权","quán","权利","quán lì","每个孩子都有受教育的权利。","6"
"进阶挑战","656","生活与科学","鉴","jiàn","鉴别","jiàn bié","专家正在鉴别这块岩石。","13"
"进阶挑战","657","生活与科学","斯","sī","威尼斯","wēi ní sī","威尼斯有许多水道和桥。","12"
"进阶挑战","658","生活与科学","泛","fàn","广泛","guǎng fàn","这次调查收集了广泛的意见。","7"
"进阶挑战","659","生活与科学","财","cái","财富","cái fù","知识是值得珍惜的财富。","7"
"进阶挑战","660","生活与科学","际","jì","国际","guó jì","国际比赛有来自不同国家的选手。","7"
"进阶挑战","661","生活与科学","拓","tuò","拓宽","tuò kuān","读书能帮助我们拓宽视野。","8"
"进阶挑战","662","生活与科学","蚀","shí","腐蚀","fǔ shí","酸雨会腐蚀一些建筑材料。","9"
"进阶挑战","663","生活与科学","兆","zhào","预兆","yù zhào","天空变暗，可能是下雨的预兆。","6"
"进阶挑战","664","生活与科学","剖","pōu","解剖","jiě pōu","医生通过解剖了解身体结构。","10"
"进阶挑战","665","生活与科学","悟","wù","领悟","lǐng wù","听完讲解，我领悟了故事的道理。","10"
"进阶挑战","666","生活与科学","措","cuò","措施","cuò shī","学校采取措施保护大家的安全。","11"
"进阶挑战","667","生活与科学","淮","huái","淮河","huái hé","地图上标出了淮河的位置。","11"
"进阶挑战","668","生活与科学","率","lǜ","效率","xiào lǜ","工具合适，做事效率会更高。","11"
"进阶挑战","669","生活与科学","硅","guī","硅片","guī piàn","制造芯片常常要用到硅片。","11"
"进阶挑战","670","生活与科学","府","fǔ","政府","zhèng fǔ","政府组织人员修好了这条路。","8"
"进阶挑战","671","生活与科学","奥","ào","奥秘","ào mì","书里藏着许多自然的奥秘。","12"
"进阶挑战","672","生活与科学","湘","xiāng","湘江","xiāng jiāng","湘江流经湖南的长沙。","12"
"进阶挑战","673","生活与科学","硫","liú","硫黄","liú huáng","硫黄是一种黄色的固体。","12"
"进阶挑战","674","生活与科学","策","cè","策略","cè lüè","下棋之前，先想好策略。","12"
"进阶挑战","675","生活与科学","蒋","jiǎng","蒋介石","jiǎng jiè shí","蒋介石是中国近代历史人物。","12"
"进阶挑战","676","生活与科学","政","zhèng","政策","zhèng cè","新政策让更多孩子能就近上学。","9"
"进阶挑战","677","生活与科学","履","lǚ","履行","lǚ xíng","答应了别人的事，就要履行承诺。","15"
"进阶挑战","678","生活与科学","贸","mào","贸易","mào yì","两国通过贸易交换商品。","9"
"进阶挑战","679","生活与科学","亩","mǔ","亩产","mǔ chǎn","农民记录了这片稻田的亩产。","7"
"进阶挑战","680","生活与科学","纬","wěi","纬线","wěi xiàn","地球仪上的纬线与赤道平行。","7"
"进阶挑战","681","生活与科学","磷","lín","磷肥","lín féi","磷肥能给庄稼补充磷元素。","17"
"进阶挑战","682","生活与科学","玄","xuán","玄武岩","xuán wǔ yán","玄武岩可由熔岩冷却形成。","5"
"进阶挑战","683","生活与科学","氢","qīng","氢气","qīng qì","氢气比空气轻。","9"
"进阶挑战","684","生活与科学","菲","fēi","菲律宾","fēi lǜ bīn","菲律宾是亚洲的一个国家。","11"
"进阶挑战","685","生活与科学","氨","ān","氨气","ān qì","氨气有刺激性气味。","10"
"进阶挑战","686","生活与科学","莱","lái","莱茵河","lái yīn hé","莱茵河是一条欧洲的河流。","10"
"进阶挑战","687","生活与科学","钾","jiǎ","钾肥","jiǎ féi","钾肥能给庄稼补充钾。","10"
"进阶挑战","688","生活与科学","碳","tàn","二氧化碳","èr yǎng huà tàn","我们呼出的气体中含有二氧化碳。","14"
"进阶挑战","689","生活与科学","弥","mí","弥补","mí bǔ","我们想办法弥补这次失误。","8"
"进阶挑战","690","生活与科学","吨","dūn","吨位","dūn wèi","这艘货船的吨位很大。","7"
"进阶挑战","691","生活与科学","吴","wú","东吴","dōng wú","东吴是三国时期的一个政权。","7"
"进阶挑战","692","生活与科学","枢","shū","枢纽","shū niǔ","这座车站是重要的交通枢纽。","8"
"进阶挑战","693","生活与科学","税","shuì","税收","shuì shōu","税收可以用于修路和建学校。","12"
"进阶挑战","694","生活与科学","兹","zī","赫兹","hè zī","声音频率可以用赫兹作单位。","9"
"进阶挑战","695","生活与科学","衍","yǎn","繁衍","fán yǎn","动物繁衍后代，让生命延续。","9"
"进阶挑战","696","生活与科学","钠","nà","氯化钠","lǜ huà nà","食盐的主要成分是氯化钠。","9"
"进阶挑战","697","生活与科学","冶","yě","冶炼","yě liàn","工厂冶炼金属需要高温。","7"
"进阶挑战","698","生活与科学","乙","yǐ","乙方","yǐ fāng","合同上写着甲方和乙方。","1"
"进阶挑战","699","生活与科学","谓","wèi","称谓","chēng wèi","爷爷和奶奶都是亲属称谓。","11"
"进阶挑战","700","生活与科学","氮","dàn","氮气","dàn qì","空气中含有很多氮气。","12"
"进阶挑战","701","生活与科学","滥","làn","滥用","làn yòng","不能滥用药物，要听医生的建议。","13"
"进阶挑战","702","生活与科学","辐","fú","辐射","fú shè","太阳通过辐射把能量传到地球。","13"
"进阶挑战","703","生活与科学","辖","xiá","辖区","xiá qū","警察正在自己的辖区里巡逻。","14"
"进阶挑战","704","生活与科学","尸","shī","尸体","shī tǐ","动物死后留下的身体叫尸体。","3"
"进阶挑战","705","生活与科学","抑","yì","抑制","yì zhì","低温能抑制一些细菌的繁殖。","7"
"进阶挑战","706","生活与科学","迪","dí","启迪","qǐ dí","这本书给了我新的启迪。","8"
"进阶挑战","707","生活与科学","顷","qǐng","公顷","gōng qǐng","公顷是计算土地面积的单位。","8"
"进阶挑战","708","生活与科学","宪","xiàn","宪法","xiàn fǎ","宪法是国家的根本法。","9"
"进阶挑战","709","生活与科学","匈","xiōng","匈奴","xiōng nú","历史书里记载了古代匈奴的生活。","6"
"进阶挑战","710","生活与科学","霍","huò","霍乱","huò luàn","霍乱是一种肠道传染病。","16"
"进阶挑战","711","生活与科学","债","zhài","债务","zhài wù","借钱后还没归还，会留下债务。","10"
"进阶挑战","712","生活与科学","哲","zhé","哲理","zhé lǐ","这个小故事里藏着做人的哲理。","10"
"进阶挑战","713","生活与科学","阐","chǎn","阐述","chǎn shù","老师用图画阐述水的循环。","11"
"进阶挑战","714","生活与科学","趋","qū","趋势","qū shì","图表显示气温有上升的趋势。","12"
"进阶挑战","715","生活与科学","廉","lián","廉洁","lián jié","廉洁的人不收不该收的钱。","13"
"进阶挑战","716","生活与科学","蕴","yùn","蕴含","yùn hán","小小的种子里蕴含着生命力。","15"
"进阶挑战","717","生活与科学","氯","lǜ","氯气","lǜ qì","氯气有毒，不能自行接触。","12"
"进阶挑战","718","生活与科学","硝","xiāo","硝酸","xiāo suān","硝酸有腐蚀性，不能自行接触。","12"
"进阶挑战","719","生活与科学","刑","xíng","刑罚","xíng fá","法律规定了犯罪对应的刑罚。","6"
"进阶挑战","720","文化与社会","唐","táng","唐诗","táng shī","奶奶教我读一首唐诗。","10"
"进阶挑战","721","文化与社会","华","huá","中华","zhōng huá","我们一起了解中华文化。","6"
"进阶挑战","722","文化与社会","纪","jì","纪念","jì niàn","我们拍照纪念这次旅行。","6"
"进阶挑战","723","文化与社会","武","wǔ","武术","wǔ shù","哥哥在操场上练习武术。","8"
"进阶挑战","724","文化与社会","奏","zòu","演奏","yǎn zòu","乐队正在舞台上演奏音乐。","9"
"进阶挑战","725","文化与社会","帝","dì","皇帝","huáng dì","书里讲了古代皇帝的故事。","9"
"进阶挑战","726","文化与社会","剧","jù","话剧","huà jù","哥哥在学校的话剧里扮演大树。","10"
"进阶挑战","727","文化与社会","宴","yàn","宴会","yàn huì","宴会上，大家举杯祝福老人。","10"
"进阶挑战","728","文化与社会","绣","xiù","刺绣","cì xiù","奶奶用刺绣装饰小手帕。","10"
"进阶挑战","729","文化与社会","艺","yì","艺术","yì shù","画画和音乐都是艺术。","4"
"进阶挑战","730","文化与社会","摄","shè","摄影","shè yǐng","爷爷喜欢摄影，常常拍花草。","13"
"进阶挑战","731","文化与社会","献","xiàn","献花","xiàn huā","我们在纪念碑前献花。","13"
"进阶挑战","732","文化与社会","坟","fén","坟墓","fén mù","清明时，家人在坟墓前献花。","7"
"进阶挑战","733","文化与社会","谱","pǔ","乐谱","yuè pǔ","姐姐看着乐谱练习弹琴。","14"
"进阶挑战","734","文化与社会","庙","miào","寺庙","sì miào","山脚下有一座古老的寺庙。","8"
"进阶挑战","735","文化与社会","圣","shèng","圣诞节","shèng dàn jié","圣诞节时，有些商店挂起彩灯。","5"
"进阶挑战","736","文化与社会","皇","huáng","皇帝","huáng dì","书里讲了古代皇帝的故事。","9"
"进阶挑战","737","文化与社会","祖","zǔ","祖国","zǔ guó","我们在地图上认识祖国的山河。","9"
"进阶挑战","738","文化与社会","雕","diāo","雕刻","diāo kè","师傅在木头上雕刻花纹。","16"
"进阶挑战","739","文化与社会","泰","tài","泰山","tài shān","登上泰山，可以看见云海。","10"
"进阶挑战","740","文化与社会","绸","chóu","丝绸","sī chóu","这条丝绸围巾摸起来很滑。","11"
"进阶挑战","741","文化与社会","佳","jiā","佳节","jiā jié","中秋佳节，我们围坐着吃月饼。","8"
"进阶挑战","742","文化与社会","版","bǎn","出版","chū bǎn","这本新绘本刚刚出版。","8"
"进阶挑战","743","文化与社会","墓","mù","墓地","mù dì","清明节，我们去墓地祭扫。","13"
"进阶挑战","744","文化与社会","碑","bēi","石碑","shí bēi","石碑上刻着古老的文字。","13"
"进阶挑战","745","文化与社会","锦","jǐn","锦旗","jǐn qí","墙上挂着一面感谢医生的锦旗。","13"
"进阶挑战","746","文化与社会","陈","chén","陈列","chén liè","博物馆里陈列着古老的陶罐。","7"
"进阶挑战","747","文化与社会","统","tǒng","传统","chuán tǒng","端午节吃粽子是传统习俗。","9"
"进阶挑战","748","文化与社会","织","zhī","织布","zhī bù","展厅里的老织机曾用来织布。","8"
"进阶挑战","749","文化与社会","矛","máo","长矛","cháng máo","博物馆里展出了一支古代长矛。","5"
"进阶挑战","750","文化与社会","洛","luò","洛阳","luò yáng","洛阳的牡丹开得很美。","9"
"进阶挑战","751","文化与社会","坊","fang","作坊","zuō fang","师傅在作坊里制作陶碗。","7"
"进阶挑战","752","文化与社会","孝","xiào","孝顺","xiào shùn","孝顺父母也可以从关心问候做起。","7"
"进阶挑战","753","文化与社会","俗","sú","风俗","fēng sú","不同地方有不同的过年风俗。","9"
"进阶挑战","754","文化与社会","娱","yú","娱乐","yú lè","唱歌和下棋都是娱乐活动。","10"
"进阶挑战","755","文化与社会","族","zú","民族","mín zú","不同民族都有自己的文化传统。","11"
"进阶挑战","756","文化与社会","吉","jí","吉祥","jí xiáng","人们把喜鹊看作吉祥的象征。","6"
"进阶挑战","757","文化与社会","朱","zhū","朱红","zhū hóng","古建筑的大门漆成了朱红色。","6"
"进阶挑战","758","文化与社会","党","dǎng","党员","dǎng yuán","爸爸是一名党员。","10"
"进阶挑战","759","文化与社会","吟","yín","吟诵","yín sòng","爷爷在窗边吟诵一首古诗。","7"
"进阶挑战","760","文化与社会","腊","là","腊月","là yuè","腊月里，大家开始准备年货。","12"
"进阶挑战","761","文化与社会","德","dé","品德","pǐn dé","诚实守信是良好的品德。","15"
"进阶挑战","762","文化与社会","翁","wēng","渔翁","yú wēng","画里的渔翁坐在小船上钓鱼。","10"
"进阶挑战","763","文化与社会","氏","shì","姓氏","xìng shì","老师教我们认识不同的姓氏。","4"
"进阶挑战","764","文化与社会","卢","lú","卢沟桥","lú gōu qiáo","卢沟桥的石狮子各有姿态。","5"
"进阶挑战","765","文化与社会","葬","zàng","埋葬","mái zàng","人们把逝者埋葬在墓地。","12"
"进阶挑战","766","文化与社会","瑞","ruì","瑞雪","ruì xuě","爷爷说这场瑞雪会滋润麦苗。","13"
"进阶挑战","767","文化与社会","僧","sēng","僧人","sēng rén","寺院里的僧人正在打扫院子。","14"
"进阶挑战","768","文化与社会","赵","zhào","赵州桥","zhào zhōu qiáo","赵州桥是一座古老的石拱桥。","9"
"进阶挑战","769","文化与社会","牺","xī","牺牲","xī shēng","纪念碑上刻着牺牲战士的名字。","10"
"进阶挑战","770","文化与社会","袁","yuán","袁隆平","yuán lóng píng","袁隆平长期研究杂交水稻。","10"
"进阶挑战","771","文化与社会","曹","cáo","曹操","cáo cāo","爷爷讲了曹操的历史故事。","11"
"进阶挑战","772","文化与社会","萨","sà","菩萨","pú sà","寺庙里有一尊菩萨像。","11"
"进阶挑战","773","文化与社会","俺","ǎn","俺们","ǎn men","爷爷笑着说：“俺们回家吧。”","10"
"进阶挑战","774","文化与社会","蔡","cài","蔡伦","cài lún","书里介绍了蔡伦改进造纸术的故事。","14"
"进阶挑战","775","文化与社会","纺","fǎng","纺线","fǎng xiàn","奶奶在老照片里用纺车纺线。","7"
"进阶挑战","776","文化与社会","邓","dèng","邓姓","dèng xìng","邓姓是中国的一个姓氏。","4"
"进阶挑战","777","文化与社会","丙","bǐng","甲乙丙丁","jiǎ yǐ bǐng dīng","甲乙丙丁可以用来表示顺序。","5"
"进阶挑战","778","文化与社会","君","jūn","君子","jūn zǐ","古人用君子称赞品德高尚的人。","7"
"进阶挑战","779","文化与社会","敦","dūn","敦煌","dūn huáng","敦煌有保存壁画的石窟。","12"
"进阶挑战","780","文化与社会","颂","sòng","歌颂","gē sòng","这首诗歌颂了劳动者的勤劳。","10"
"进阶挑战","781","文化与社会","宗","zōng","祖宗","zǔ zōng","族谱记下了祖宗的名字。","8"
"进阶挑战","782","文化与社会","侵","qīn","侵略","qīn lüè","历史课讲到了反抗侵略的故事。","9"
"进阶挑战","783","文化与社会","仲","zhòng","仲夏","zhòng xià","仲夏的池塘里开着荷花。","6"
"进阶挑战","784","文化与社会","韵","yùn","押韵","yā yùn","这首儿歌的句尾很押韵。","13"
"进阶挑战","785","文化与社会","役","yì","战役","zhàn yì","历史书记录了那场战役。","7"
"进阶挑战","786","文化与社会","孟","mèng","孟子","mèng zǐ","孟子是中国古代的思想家。","8"
"进阶挑战","787","文化与社会","隶","lì","隶书","lì shū","爷爷用毛笔写了一幅隶书。","8"
"进阶挑战","788","文化与社会","侯","hóu","诸侯","zhū hóu","古代的诸侯统治各自的封地。","9"
"进阶挑战","789","文化与社会","贾","jiǎ","贾宝玉","jiǎ bǎo yù","贾宝玉是《红楼梦》中的人物。","10"
"进阶挑战","790","文化与社会","抒","shū","抒发","shū fā","这首诗抒发了对家乡的思念。","7"
"进阶挑战","791","文化与社会","昌","chāng","昌盛","chāng shèng","人们盼望国家繁荣昌盛。","8"
"进阶挑战","792","文化与社会","郭","guō","城郭","chéng guō","古诗中的城郭指城墙或城邑。","10"
"进阶挑战","793","文化与社会","宋","sòng","宋朝","sòng cháo","这幅画画出了宋朝的街市。","7"
"进阶挑战","794","文化与社会","奴","nú","奴隶","nú lì","奴隶在古代常常没有自由。","5"
"进阶挑战","795","文化与社会","廷","tíng","宫廷","gōng tíng","博物馆里展出了古代宫廷服饰。","6"
"进阶挑战","796","文化与社会","邦","bāng","邻邦","lín bāng","中国和越南互为邻邦。","6"
"进阶挑战","797","文化与社会","煌","huáng","辉煌","huī huáng","博物馆展示了古代辉煌的文明。","13"
"进阶挑战","798","文化与社会","宰","zǎi","宰相","zǎi xiàng","宰相是古代的一种官职。","10"
"进阶挑战","799","文化与社会","秦","qín","秦朝","qín cháo","我们在书中认识了秦朝的兵马俑。","10"
"进阶挑战","800","文化与社会","仁","rén","仁爱","rén ài","故事里的医生有一颗仁爱之心。","4"
"进阶挑战","801","文化与社会","曰","yuē","子曰","zǐ yuē","书里的子曰是孔子说的意思。","4"
"进阶挑战","802","文化与社会","曼","màn","曼妙","màn miào","舞者随着音乐跳起曼妙的舞蹈。","11"
"进阶挑战","803","文化与社会","伦","lún","天伦之乐","tiān lún zhī lè","爷爷和家人在一起享受天伦之乐。","6"
"进阶挑战","804","文化与社会","穆","mù","肃穆","sù mù","纪念馆里气氛庄严肃穆。","16"
"进阶挑战","805","文化与社会","戈","gē","干戈","gān gē","古书中常用干戈指代战争。","4"
"进阶挑战","806","文化与社会","僚","liáo","同僚","tóng liáo","古书中常用同僚指一起做官的人。","14"
"进阶挑战","807","文化与社会","吾","wú","吾辈","wú bèi","古文中的吾辈就是我们这些人。","7"
"进阶挑战","808","文化与社会","儒","rú","儒家","rú jiā","孔子是儒家学派的创始人。","16"
"进阶挑战","809","文化与社会","弗","fú","自愧弗如","zì kuì fú rú","看完他的画，我自愧弗如。","5"
"进阶挑战","810","文化与社会","矣","yǐ","足矣","zú yǐ","古文里的足矣表示已经足够了。","7"
"进阶挑战","811","文化与社会","魏","wèi","北魏","běi wèi","北魏是中国历史上的一个朝代。","17"